{"Product ID": " FB04824", "Product title": "Gothic Style Waist Bag, Skull & Studded Decor Crossbody Bag, Steampunk Motorcycle Bag For Outdoor Travel Sport", "Product URL": "https://www.temu.com/ch-en/gothic-waist-bag-metal-skull-studded-decor-crossbody-bag-steampunk-motorcycle-bag-g-601099514017044.html", "Product description": "Patterned: Solid color,Material: PU,Closure: Zipper,Theme: Steampunk,", "Product sold amount": "1.6K+  ", "Product rating": "4.8", "Product images": ["https://img.kwcdn.com/product/Fancyalgo/VirtualModelMatting/09932d0b55b91fec81b80db1123e4c3d.jpg", "https://img.kwcdn.com/product/Fancyalgo/VirtualModelMatting/a4a7a470d2e6b01114dde6b581e826ff.jpg", "https://img.kwcdn.com/product/Fancyalgo/VirtualModelMatting/5b80f2456d4e939d2e9091be2959e634.jpg", "https://img.kwcdn.com/product/Fancyalgo/VirtualModelMatting/245b848520bcb6ee1b64c5acc69dcc9a.jpg", "https://img.kwcdn.com/product/Fancyalgo/VirtualModelMatting/7a10e00553b6bf224505ebb05a29a57f.jpg", "https://img.kwcdn.com/product/Fancyalgo/VirtualModelMatting/e620c83a0a083f3968212e09868014d7.jpg", "https://img.kwcdn.com/product/Fancyalgo/VirtualModelMatting/24bd91bfac16c10a0534f0610ea88d26.jpg", "https://img.kwcdn.com/product/Fancyalgo/VirtualModelMatting/527501c964c76855728c3ca265ef4bc7.jpg", "https://img.kwcdn.com/product/Fancyalgo/VirtualModelMatting/09932d0b55b91fec81b80db1123e4c3d.jpg"], "Product video": ["https://goods-vod.kwcdn.com/goods-video/57039467e591d7d8d554306540bada7b9aadf594.f30.mp4"], "Discount price": "CHF34.48", "Original price": "132.99", "Variants original price": [0], "Variants discount price": [0], "Variants image": [0], "Variants attribute name": "", "Variants attribute values": [0]}{"Product ID": " BX19397", "Product title": "Mini Gothic Coffin Shaped Novelty Bag, Horror Punk Crossbody Bag, Women's Y2K Trendy Handbag & Shoulder Purse For Halloween (13.0cmx22.0cmx8.99cm)", "Product URL": "https://www.temu.com/ch-en/mini-gothic-coffin-shaped-novelty-bag-horror-punk-crossbody-bag-womens-y2k-trendy-handbag-shoulder-purse-for-halloween-13-0cmx22-0cmx8-99cm-g-601099521015211.html", "Product description": "Patterned: Solid color,Material: PU,Closure: Zipper,Theme: Occasion,", "Product sold amount": "448  ", "Product rating": "4.7", "Product images": ["https://img.kwcdn.com/product/Fancyalgo/VirtualModelMatting/34ddcaede21b0f44f5b200b2dad7d898.jpg", "https://img.kwcdn.com/product/Fancyalgo/VirtualModelMatting/f1b86adbe8ebf87c518ebb4a19db8bfc.jpg", "https://img.kwcdn.com/product/Fancyalgo/VirtualModelMatting/dcc3f1f949f3c2ce45ef62f0eb022649.jpg", "https://img.kwcdn.com/product/Fancyalgo/VirtualModelMatting/1d8065e1d4a4d8a0033a1a4b1714258c.jpg", "https://img.kwcdn.com/product/Fancyalgo/VirtualModelMatting/65ab9e32c600fe8a90bf80b934343ded.jpg", "https://img.kwcdn.com/product/Fancyalgo/VirtualModelMatting/a9128a72f2b30bd620c89495387e07ee.jpg", "https://img.kwcdn.com/product/Fancyalgo/VirtualModelMatting/afe4d373199fb4e562d8af12549bb2dd.jpg", "https://img.kwcdn.com/product/Fancyalgo/VirtualModelMatting/7f72dbb758b93ff26b2a3c68e335be74.jpg", "https://img.kwcdn.com/product/Fancyalgo/VirtualModelMatting/3fa4bf819e124b1383895e1dffb8969b.jpg", "https://img.kwcdn.com/product/Fancyalgo/VirtualModelMatting/60802abd70fc3d367c2577ef68f3431f.jpg", "https://img.kwcdn.com/product/1e78ea4f6b/01168cf2-d810-4567-8d6b-a641881c77ca_1000x1000.jpeg", "https://img.kwcdn.com/product/1e78ea4f6b/756e8a40-7604-4348-b4e0-390ba0dcc523_1000x1000.jpeg"], "Product video": [], "Discount price": "CHF10.48", "Original price": "35.49", "Variants original price": ["35.49", "35.49"], "Variants discount price": ["CHF10.48", "CHF10.48"], "Variants image": ["https://img.kwcdn.com/product/1e78ea4f6b/01168cf2-d810-4567-8d6b-a641881c77ca_1000x1000.jpeg?imageView2/2/w/180/q/70", "https://img.kwcdn.com/product/1e78ea4f6b/756e8a40-7604-4348-b4e0-390ba0dcc523_1000x1000.jpeg?imageView2/2/w/180/q/70"], "Variants attribute name": "Color", "Variants attribute values": ["Black And White", "Black And Golden Lettering"]}{"Product ID": " BQ29010", "Product title": "Halloween Gothic Coffin Mini Crossbody Bag, Crucifix Flap Shoulder Bag, Perfect Halloween Sling Bag", "Product URL": "https://www.temu.com/ch-en/halloween-gothic-coffin-mini-crossbody-bag--flap-shoulder-bag-perfect-halloween-sling-bag-g-601099525771854.html", "Product description": "Patterned: Solid color,Material: PU,Closure: Buckle,Theme: Occasion,Included Components: Messenger Bag,", "Product sold amount": "87  ", "Product rating": "4.7", "Product images": ["https://img.kwcdn.com/product/Fancyalgo/VirtualModelMatting/07dcc4ba826b4756985f1499f5700cdc.jpg", "https://img.kwcdn.com/product/Fancyalgo/VirtualModelMatting/0b5f8ce8399d2f7d71a537a3932e0c11.jpg", "https://img.kwcdn.com/product/Fancyalgo/VirtualModelMatting/8c2298a3b71e6f162a09ccc15944782e.jpg", "https://img.kwcdn.com/product/Fancyalgo/VirtualModelMatting/d6824c595b39510115bcfdf70a0026ba.jpg", "https://img.kwcdn.com/product/Fancyalgo/VirtualModelMatting/305087b8377183f992482301fcd0350f.jpg", "https://img.kwcdn.com/product/Fancyalgo/VirtualModelMatting/81a2499ccb0b0938f9cd9e769dad29ff.jpg", "https://img.kwcdn.com/product/Fancyalgo/VirtualModelMatting/8ed3b28da16ba5aa6eb33cf9d3f6aa9d.jpg", "https://img.kwcdn.com/product/Fancyalgo/VirtualModelMatting/4e523bcb5a82e85521f2213e98434400.jpg", "https://img.kwcdn.com/product/Fancyalgo/VirtualModelMatting/e80e945e3ddb0cb9af331d620ed16c4f.jpg", "https://img.kwcdn.com/product/Fancyalgo/VirtualModelMatting/d4b0dcc2e1cfde9e0dbcdb5a3be5872d.jpg", "https://img.kwcdn.com/product/Fancyalgo/VirtualModelMatting/07dcc4ba826b4756985f1499f5700cdc.jpg", "https://img.kwcdn.com/product/Fancyalgo/VirtualModelMatting/4e523bcb5a82e85521f2213e98434400.jpg", "https://img.kwcdn.com/product/Fancyalgo/VirtualModelMatting/e80e945e3ddb0cb9af331d620ed16c4f.jpg", "https://img.kwcdn.com/product/Fancyalgo/VirtualModelMatting/d4b0dcc2e1cfde9e0dbcdb5a3be5872d.jpg"], "Product video": ["https://goods-vod.kwcdn.com/goods-video/509db6f3b3d0dbf94a4ddec8d43d73f7c8baaeb5.f30.mp4"], "Discount price": "CHF11.98", "Original price": "51.49", "Variants original price": ["51.49", "51.49", "51.49", "51.49"], "Variants discount price": ["CHF11.98", "CHF11.98", "CHF11.98", "CHF11.98"], "Variants image": ["https://img.kwcdn.com/product/Fancyalgo/VirtualModelMatting/07dcc4ba826b4756985f1499f5700cdc.jpg?imageView2/2/w/180/q/70", "https://img.kwcdn.com/product/Fancyalgo/VirtualModelMatting/4e523bcb5a82e85521f2213e98434400.jpg?imageView2/2/w/180/q/70", "https://img.kwcdn.com/product/Fancyalgo/VirtualModelMatting/e80e945e3ddb0cb9af331d620ed16c4f.jpg?imageView2/2/w/180/q/70", "https://img.kwcdn.com/product/Fancyalgo/VirtualModelMatting/d4b0dcc2e1cfde9e0dbcdb5a3be5872d.jpg?imageView2/2/w/180/q/70"], "Variants attribute name": "Color", "Variants attribute values": ["Cross Black", "Cross White", "Skull Black", "Skull White"]}{"Product ID": " GB39987", "Product title": "Y2K Halloween Coffin Bag, Gothic Spider Web Pattern Mini Crossbody Bag, Women's Handbag Wallet", "Product URL": "https://www.temu.com/ch-en/y2k-halloween-coffin-bag-gothic-spider-web-pattern-mini-crossbody-bag-womens-handbag-wallet-g-601099531840922.html", "Product description": "Patterned: Stripes,Material: PU,Closure: Zipper,Theme: Occasion,Included Components: Messenger Bag,", "Product sold amount": "32  ", "Product rating": "4.7", "Product images": ["https://img.kwcdn.com/product/Fancyalgo/VirtualModelMatting/f3c47aade7f879564052a7e167231f55.jpg", "https://img.kwcdn.com/product/Fancyalgo/VirtualModelMatting/7083bcc8257e369c3b58c40bb9e9fcae.jpg", "https://img.kwcdn.com/product/Fancyalgo/VirtualModelMatting/81bd123b23c972c4f38bbfa753434728.jpg", "https://img.kwcdn.com/product/Fancyalgo/VirtualModelMatting/25be55603dd24520b13529f0371fe671.jpg", "https://img.kwcdn.com/product/Fancyalgo/VirtualModelMatting/d182dd42e85ea3ee4feed7db181721a0.jpg", "https://img.kwcdn.com/product/Fancyalgo/VirtualModelMatting/950206dde1b8b10b334d41d0624bb636.jpg", "https://img.kwcdn.com/product/Fancyalgo/VirtualModelMatting/535442a6003cffe1f74e4c5e898e3aaf.jpg", "https://img.kwcdn.com/product/Fancyalgo/VirtualModelMatting/950206dde1b8b10b334d41d0624bb636.jpg"], "Product video": [], "Discount price": "CHF11.98", "Original price": "57.99", "Variants original price": [0], "Variants discount price": [0], "Variants image": [0], "Variants attribute name": "", "Variants attribute values": [0]}{"Product ID": " RX17760", "Product title": "Gothic Coffin Shaped Bag, Mini Dark Black Crossbody Bag, Vintage Pattern Purse For Halloween Ghost Skull Elf Cosplay", "Product URL": "https://www.temu.com/ch-en/gothic-coffin-shaped-bag-mini-dark-black-body-bag-vintage--pattern-purse-for-halloween-ghost-skull-elf-cosplay-g-601099520329647.html", "Product description": "Patterned: Camouflage,Material: PU,Closure: Zipper,Theme: Steampunk,", "Product sold amount": "700  ", "Product rating": "4.8", "Product images": ["https://img.kwcdn.com/product/Fancyalgo/VirtualModelMatting/0a239fc600f5236d4e09d34d3c263c6b.jpg", "https://img.kwcdn.com/product/Fancyalgo/VirtualModelMatting/5f2958c803cfc63e1dfb015310c7eeb1.jpg", "https://img.kwcdn.com/product/Fancyalgo/VirtualModelMatting/7d2d9b3350813da82f8972887611ca1c.jpg", "https://img.kwcdn.com/product/Fancyalgo/VirtualModelMatting/56b77bf6a6499b2ca1ddcc6675a2df1c.jpg", "https://img.kwcdn.com/product/Fancyalgo/VirtualModelMatting/6ade37b322648fc77ff6ac46d3bbdbf8.jpg", "https://img.kwcdn.com/product/Fancyalgo/VirtualModelMatting/8835b3249c49d7bb79afc95f923d904e.jpg", "https://img.kwcdn.com/product/1e78ea3018/8a0bf5d4-b834-49f4-9a70-01499deef6ba_800x800.jpeg"], "Product video": [], "Discount price": "CHF10.98", "Original price": "50.49", "Variants original price": [0], "Variants discount price": [0], "Variants image": [0], "Variants attribute name": "", "Variants attribute values": [0]}{"Product ID": " EA31986", "Product title": "Halloween Crucifix Coffin Mini Crossbody Bag, Gothic Style Crucifix Decor Phone Bag, Perfect Halloween Festival Shoulder Bag For Cosplay, Makeup Party, Music Festival", "Product URL": "https://www.temu.com/ch-en/halloween--coffin-mini-crossbody-bag-gothic-style--decor-phone-bag-perfect-halloween-festival-shoulder-bag-for-cosplay-makeup-party-music-festival-g-601099527399952.html", "Product description": "Patterned: Solid color,Material: PU,Closure: Zipper,Feature: Adjustable strap,Theme: Occasion,Pattern Style: No Pattern,Lining Description: Polyester,", "Product sold amount": "12  ", "Product rating": "4.7", "Product images": ["https://img.kwcdn.com/product/Fancyalgo/VirtualModelMatting/3cadf8ff0c81b19b0d0b9196b5c53220.jpg", "https://img.kwcdn.com/product/Fancyalgo/VirtualModelMatting/acb964926b117fcdf79c461dab368d61.jpg", "https://img.kwcdn.com/product/Fancyalgo/VirtualModelMatting/5fc73a92a924d605e429d88e45aa67ef.jpg", "https://img.kwcdn.com/product/Fancyalgo/VirtualModelMatting/0cd4979899a2a954add0d5b908798ae3.jpg", "https://img.kwcdn.com/product/Fancyalgo/VirtualModelMatting/00044e70fcf5ea1cd3a38a1ab85418d4.jpg", "https://img.kwcdn.com/product/Fancyalgo/VirtualModelMatting/6a89d767863c3ca3852148fa89d82eb8.jpg"], "Product video": [], "Discount price": "CHF10.48", "Original price": "49.99", "Variants original price": [0], "Variants discount price": [0], "Variants image": [0], "Variants attribute name": "", "Variants attribute values": [0]}{"Product ID": " XJ28915", "Product title": "Dark Style Y2K Bat Spider Web Handbag, Vintage Faux Leather Crossbody Bag, Halloween Party Purse For Women", "Product URL": "https://www.temu.com/ch-en/dark-style-y2k-bat-spider-web-handbag-vintage-faux-leather-crossbody-bag-halloween-party-purse-for-women-g-601099525821900.html", "Product description": "Patterned: Animal Print,Material: PU,Closure: Zipper,Theme: Animals,", "Product sold amount": "317  ", "Product rating": "4.5", "Product images": ["https://img.kwcdn.com/product/Fancyalgo/VirtualModelMatting/67a3901a037e484c47a7780df730f9d6.jpg", "https://img.kwcdn.com/product/Fancyalgo/VirtualModelMatting/b176d68d8815fa6c5f92336135e5df1a.jpg", "https://img.kwcdn.com/product/Fancyalgo/VirtualModelMatting/d6e000cad8557f15876bdc99973cf45a.jpg", "https://img.kwcdn.com/product/Fancyalgo/VirtualModelMatting/50fe65db9dc74375e6579a20829dc0cf.jpg", "https://img.kwcdn.com/product/Fancyalgo/VirtualModelMatting/20610a5600bfc9d557e774eda7f658fd.jpg", "https://img.kwcdn.com/product/Fancyalgo/VirtualModelMatting/8017a1dcc7607844815e673058967279.jpg", "https://img.kwcdn.com/product/Fancyalgo/VirtualModelMatting/a53feccbdf3549e4298515ea1af3719c.jpg", "https://img.kwcdn.com/product/Fancyalgo/VirtualModelMatting/ec66811c6065c1768a461b5bbaa719dc.jpg", "https://img.kwcdn.com/product/Fancyalgo/VirtualModelMatting/2d9829e56b7df7d543509957229ca3ee.jpg", "https://img.kwcdn.com/product/Fancyalgo/VirtualModelMatting/2f113b9dacc301281ed2d0203cc17973.jpg", "https://img.kwcdn.com/product/Fancyalgo/VirtualModelMatting/b176d68d8815fa6c5f92336135e5df1a.jpg", "https://img.kwcdn.com/product/Fancyalgo/VirtualModelMatting/50fe65db9dc74375e6579a20829dc0cf.jpg", "https://img.kwcdn.com/product/Fancyalgo/VirtualModelMatting/8017a1dcc7607844815e673058967279.jpg"], "Product video": ["https://goods-vod.kwcdn.com/goods-video/374e307fb04b01f459622b0cb5d3fbf9d5268e01.f30.mp4"], "Discount price": "CHF8.48", "Original price": "30.99", "Variants original price": ["30.99", "30.99", "30.99"], "Variants discount price": ["CHF8.48", "CHF8.48", "CHF8.48"], "Variants image": ["https://img.kwcdn.com/product/Fancyalgo/VirtualModelMatting/b176d68d8815fa6c5f92336135e5df1a.jpg?imageView2/2/w/180/q/70", "https://img.kwcdn.com/product/Fancyalgo/VirtualModelMatting/50fe65db9dc74375e6579a20829dc0cf.jpg?imageView2/2/w/180/q/70", "https://img.kwcdn.com/product/Fancyalgo/VirtualModelMatting/8017a1dcc7607844815e673058967279.jpg?imageView2/2/w/180/q/70"], "Variants attribute name": "Color", "Variants attribute values": ["Black", "White", "Red"]}{"Product ID": " RP21299", "Product title": "Dark Coffin Shaped Novelty Bag, Gothic Y2K Crossbody Bag, Halloween Punk Style Handbag & Shoulder Purse", "Product URL": "https://www.temu.com/ch-en/dark-coffin-shaped-novelty-bag-gothic-y2k-crossbody-bag-halloween-punk-style-handbag-shoulder-purse-g-601099521901432.html", "Product description": "Patterned: Solid color,Material: PU,Closure: Zipper,Theme: Occasion,Included Components: Messenger Bag,", "Product sold amount": "99  ", "Product rating": "4.7", "Product images": ["https://img.kwcdn.com/product/Fancyalgo/VirtualModelMatting/838a4b560c37ce4feb542a028be7b944.jpg", "https://img.kwcdn.com/product/Fancyalgo/VirtualModelMatting/d9c87f242f4482a4848a7e4087d6f2ea.jpg", "https://img.kwcdn.com/product/Fancyalgo/VirtualModelMatting/26577b9470209ded563805d981c924a5.jpg", "https://img.kwcdn.com/product/Fancyalgo/VirtualModelMatting/2636ce9ae94bc531b4c315afc0ec2671.jpg", "https://img.kwcdn.com/product/Fancyalgo/VirtualModelMatting/6110e35222e3394f828b0e80cfaf0666.jpg", "https://img.kwcdn.com/product/Fancyalgo/VirtualModelMatting/2dfb6f00dccff0877778d485e1c913bf.jpg", "https://img.kwcdn.com/product/Fancyalgo/VirtualModelMatting/7f8cad25c27a0583c8240ea06aa9e64c.jpg", "https://img.kwcdn.com/product/Fancyalgo/VirtualModelMatting/6decf5240e6dc1f36411399643e934a1.jpg", "https://img.kwcdn.com/product/Fancyalgo/VirtualModelMatting/0666364e2ebba4dd8dfb55b17009339e.jpg", "https://img.kwcdn.com/product/Fancyalgo/VirtualModelMatting/2fa42bd114edbc65bdaa24ae2ae244f1.jpg", "https://img.kwcdn.com/product/1e78ea468f/19e7a89a-1a6b-4a7f-ac99-2f93b4af4380_1200x1200.jpeg", "https://img.kwcdn.com/product/1e78ea468f/8885a456-c2f4-47b3-8668-76477a34527a_1200x1200.jpeg"], "Product video": ["https://goods-vod.kwcdn.com/goods-video/6f2c6fbab960a5ecb1bea94bd3d9e40ea5ce81e0.f30.mp4"], "Discount price": "CHF13.48", "Original price": "52.49", "Variants original price": ["52.49", "52.49"], "Variants discount price": ["CHF13.98", "CHF13.48"], "Variants image": ["https://img.kwcdn.com/product/1e78ea468f/19e7a89a-1a6b-4a7f-ac99-2f93b4af4380_1200x1200.jpeg?imageView2/2/w/180/q/70", "https://img.kwcdn.com/product/1e78ea468f/8885a456-c2f4-47b3-8668-76477a34527a_1200x1200.jpeg?imageView2/2/w/180/q/70"], "Variants attribute name": "Color", "Variants attribute values": ["Black", "White"]}{"Product ID": " AK17037", "Product title": "1pc Cool Funny Ghost Skull  Pattern Design Crossbody Bag New Trndey Student Commuter Single Shoulder Bag Mobile Phone Card Holder", "Product URL": "https://www.temu.com/ch-en/1pc-cool-funny-ghost-skull-pattern-design-crossbody-bag-new-trndey-student-commuter-single-shoulder-bag-mobile-phone-card-holder-g-601099520004430.html", "Product description": "Material: PU,Occasion: Vacation,Tape Type: Adjustable,Style: Street,Care Instructions: Hand wash or professional dry clean,", "Product sold amount": "480  ", "Product rating": "4.7", "Product images": ["https://img.kwcdn.com/product/Fancyalgo/VirtualModelMatting/f9aae5a2dedd013cba47d4f7a11fb510.jpg", "https://img.kwcdn.com/product/Fancyalgo/VirtualModelMatting/d0e1fc6102ffccfef4491299269716b5.jpg", "https://img.kwcdn.com/product/fancyalgo/toaster-api/toaster-processor-image-cm2in/6df5d338-1b17-11ee-b225-0a580a698dd1.jpg", "https://img.kwcdn.com/product/Fancyalgo/VirtualModelMatting/d082f6e9e624c8822577a25d79de4585.jpg", "https://img.kwcdn.com/product/Fancyalgo/VirtualModelMatting/afd0465224bc93b3cb1d0bf8da0ae8bd.jpg", "https://img.kwcdn.com/product/Fancyalgo/VirtualModelMatting/b39a8cf2648a174edf26db77e3803fdb.jpg", "https://img.kwcdn.com/product/Fancyalgo/VirtualModelMatting/dd799622191f7513d32a31943ac7e463.jpg", "https://img.kwcdn.com/product/Fancyalgo/VirtualModelMatting/0072af401ea87150e544e4b50023ed14.jpg", "https://img.kwcdn.com/product/Fancyalgo/VirtualModelMatting/563da9c237dad78004b6993c00376094.jpg", "https://img.kwcdn.com/product/Fancyalgo/VirtualModelMatting/5d027c3233278ff399e850f23830265c.jpg"], "Product video": ["https://goods-vod.kwcdn.com/goods-video/324f7b373e3ed03aeb5ef5123431176ff7fda0e9.f30.mp4"], "Discount price": "CHF8.08", "Original price": "23.99", "Variants original price": ["23.99", "23.99"], "Variants discount price": ["CHF8.08", "CHF8.58"], "Variants image": ["https://img.kwcdn.com/product/Fancyalgo/VirtualModelMatting/563da9c237dad78004b6993c00376094.jpg?imageView2/2/w/180/q/70", "https://img.kwcdn.com/product/Fancyalgo/VirtualModelMatting/5d027c3233278ff399e850f23830265c.jpg?imageView2/2/w/180/q/70"], "Variants attribute name": "Color", "Variants attribute values": ["Black", "White"]}{"Product ID": " HL30508", "Product title": "Niche Black Cat Crossbody Bag, Halloween Sense Chest Bag, Novelty PU Leather Gift Fancy Pack", "Product URL": "https://www.temu.com/ch-en/niche-black-cat-crossbody-bag-halloween-sense-chest-bag-novelty-pu-leather-gift-fancy-pack-g-601099526821213.html", "Product description": "Patterned: Solid color,Material: PU,Closure: Zipper,Theme: None,", "Product sold amount": "65  ", "Product rating": "4.6", "Product images": ["https://img.kwcdn.com/product/Fancyalgo/VirtualModelMatting/975fa1297689304dce0e2dc4bd801b57.jpg", "https://img.kwcdn.com/product/Fancyalgo/VirtualModelMatting/87fcc7bfb77e838d20f6d89cefd2bb12.jpg", "https://img.kwcdn.com/product/Fancyalgo/VirtualModelMatting/ea978a39da2d84051aecc6ced8f78428.jpg", "https://img.kwcdn.com/product/Fancyalgo/VirtualModelMatting/b9f63147a1843ad3e2158c4e7b98cae5.jpg", "https://img.kwcdn.com/product/Fancyalgo/VirtualModelMatting/2cfa5aacc331489c9f6ace7924fa2c56.jpg", "https://img.kwcdn.com/product/Fancyalgo/VirtualModelMatting/4799473d339c43995d15cf041d64543d.jpg", "https://img.kwcdn.com/product/Fancyalgo/VirtualModelMatting/1423dae3dd084b3b04f17dd461906945.jpg", "https://img.kwcdn.com/product/Fancyalgo/VirtualModelMatting/d43157080ca9985ab368a3f20286ea7c.jpg", "https://img.kwcdn.com/product/Fancyalgo/VirtualModelMatting/b9f63147a1843ad3e2158c4e7b98cae5.jpg", "https://img.kwcdn.com/product/Fancyalgo/VirtualModelMatting/e538a8af491b8375384dac2dfa395a8e.jpg", "https://img.kwcdn.com/product/Fancyalgo/VirtualModelMatting/51c71b6f79d18b312eacb8bd4a49b253.jpg", "https://img.kwcdn.com/product/Fancyalgo/VirtualModelMatting/4f8e99ec302c2d00bdf3b84bf34c332d.jpg"], "Product video": [], "Discount price": "CHF7.48", "Original price": "31.49", "Variants original price": ["31.49", "31.49"], "Variants discount price": ["CHF7.48", "CHF7.48"], "Variants image": ["https://img.kwcdn.com/product/Fancyalgo/VirtualModelMatting/975fa1297689304dce0e2dc4bd801b57.jpg?imageView2/2/w/180/q/70", "https://img.kwcdn.com/product/Fancyalgo/VirtualModelMatting/4f8e99ec302c2d00bdf3b84bf34c332d.jpg?imageView2/2/w/180/q/70"], "Variants attribute name": "Color", "Variants attribute values": ["Gray", "Purple"]}{"Product ID": " KF38875", "Product title": "Mini Gothic Coffin Shaped Bag, Dark Crossbody Bag, Women's Fashion Handbag, Shoulder Bag & Purse", "Product URL": "https://www.temu.com/ch-en/mini-gothic-coffin-shaped-bag-dark-crossbody-bag-womens-fashion-handbag-shoulder-bag-purse-g-601099531187184.html", "Product description": "Patterned: Flowers,Material: PU,Closure: Zipper,Theme: None,", "Product sold amount": "65  ", "Product rating": "4.6", "Product images": ["https://img.kwcdn.com/product/Fancyalgo/VirtualModelMatting/12232861c4c1ae8b28b94998e72c4cef.jpg", "https://img.kwcdn.com/product/Fancyalgo/VirtualModelMatting/4bf55379facbacff77ef36f1e5b97401.jpg", "https://img.kwcdn.com/product/Fancyalgo/VirtualModelMatting/897114deed3e9bb68ebe213c3aa97942.jpg", "https://img.kwcdn.com/product/Fancyalgo/VirtualModelMatting/117434ee6c93325238c1d1a7c7cbb3a1.jpg", "https://img.kwcdn.com/product/Fancyalgo/VirtualModelMatting/461c87936f7c4382f182c5f815947acb.jpg", "https://img.kwcdn.com/product/Fancyalgo/VirtualModelMatting/e724d80ff32381a9dbca5082d63eaed3.jpg", "https://img.kwcdn.com/product/Fancyalgo/VirtualModelMatting/214a95f3e02a61c7c18082f83421ea86.jpg", "https://img.kwcdn.com/product/Fancyalgo/VirtualModelMatting/18507955bbe34d9c656e4d6cf5108fdb.jpg", "https://img.kwcdn.com/product/Fancyalgo/VirtualModelMatting/0c31433bdc76a661d230187cffdd2140.jpg", "https://img.kwcdn.com/product/Fancyalgo/VirtualModelMatting/18507955bbe34d9c656e4d6cf5108fdb.jpg", "https://img.kwcdn.com/product/Fancyalgo/VirtualModelMatting/214a95f3e02a61c7c18082f83421ea86.jpg", "https://img.kwcdn.com/product/Fancyalgo/VirtualModelMatting/4bf55379facbacff77ef36f1e5b97401.jpg", "https://img.kwcdn.com/product/Fancyalgo/VirtualModelMatting/0c31433bdc76a661d230187cffdd2140.jpg"], "Product video": [], "Discount price": "CHF8.28", "Original price": "39.99", "Variants original price": ["39.99", "39.99", "39.99", "39.99"], "Variants discount price": ["CHF8.68", "CHF8.98", "CHF8.98", "CHF8.28"], "Variants image": ["https://img.kwcdn.com/product/Fancyalgo/VirtualModelMatting/18507955bbe34d9c656e4d6cf5108fdb.jpg?imageView2/2/w/180/q/70", "https://img.kwcdn.com/product/Fancyalgo/VirtualModelMatting/214a95f3e02a61c7c18082f83421ea86.jpg?imageView2/2/w/180/q/70", "https://img.kwcdn.com/product/Fancyalgo/VirtualModelMatting/4bf55379facbacff77ef36f1e5b97401.jpg?imageView2/2/w/180/q/70", "https://img.kwcdn.com/product/Fancyalgo/VirtualModelMatting/0c31433bdc76a661d230187cffdd2140.jpg?imageView2/2/w/180/q/70"], "Variants attribute name": "Color", "Variants attribute values": ["K-bg Zhanbei 1753 Black", "K-bg Zhanbei 1753 White", "K-bg Zhanbei 1753 Golden", "K-bg Zhanbei 1753 Red"]}{"Product ID": " JN25292", "Product title": "Dark Skull Print Coffin Shaped Bag, Halloween Mini Crossbody Bag, Punk Style Gothic Purse For Women", "Product URL": "https://www.temu.com/ch-en/dark--print-coffin-shaped-bag-halloween-mini-body-bag-punk-style-gothic-purse-for-women-g-601099524023268.html", "Product description": "Patterned: Solid color,Material: PU,Closure: Zipper,Theme: Occasion,Included Components: Messenger Bag,", "Product sold amount": "53  ", "Product rating": "4.6", "Product images": ["https://img.kwcdn.com/product/Fancyalgo/VirtualModelMatting/62b4f7c911ce8780d2421c3f014b29fd.jpg", "https://img.kwcdn.com/product/Fancyalgo/VirtualModelMatting/362623666f7c088d7b0b474ca554e5ca.jpg", "https://img.kwcdn.com/product/Fancyalgo/VirtualModelMatting/9df45771ea45af7214c9c034c05450e8.jpg", "https://img.kwcdn.com/product/fancyalgo/toaster-api/toaster-processor-image-cm2in/ef59b27c-3ff3-11ee-a270-0a580a6929c3.jpg", "https://img.kwcdn.com/product/Fancyalgo/VirtualModelMatting/aed6856adb16ff021815ceeaf832362c.jpg", "https://img.kwcdn.com/product/Fancyalgo/VirtualModelMatting/b393a476bc73638b7a13b30fc7d16d6f.jpg", "https://img.kwcdn.com/product/Fancyalgo/VirtualModelMatting/fc91c063935b978c2582bb636a920fd3.jpg", "https://img.kwcdn.com/product/Fancyalgo/VirtualModelMatting/1561d8e93ffe92c9441336e04cd07641.jpg", "https://img.kwcdn.com/product/Fancyalgo/VirtualModelMatting/1d278231e189907c6bfd58fe421379c7.jpg", "https://img.kwcdn.com/product/Fancyalgo/VirtualModelMatting/d6647b487384edc0e41b10316efa66d0.jpg", "https://img.kwcdn.com/product/Fancyalgo/VirtualModelMatting/cb8698fd9e6ba29623af7cf1293c48b1.jpg", "https://img.kwcdn.com/product/Fancyalgo/VirtualModelMatting/99fb857f0b5be49f6c122c1e51387801.jpg", "https://img.kwcdn.com/product/Fancyalgo/VirtualModelMatting/8c365a9702908022a7a54d948d9905b8.jpg", "https://img.kwcdn.com/product/Fancyalgo/VirtualModelMatting/1d9ab8a7773288fe6d66c43fb253f63d.jpg", "https://img.kwcdn.com/product/Fancyalgo/VirtualModelMatting/c2b48eea50552eabfa4e63e63299cbce.jpg", "https://img.kwcdn.com/product/Fancyalgo/VirtualModelMatting/4e0461fbaed14867ad5bcc99bdc0f6ad.jpg"], "Product video": [], "Discount price": "CHF9.59", "Original price": "46.99", "Variants original price": ["46.99", "46.99", "46.99", "46.99", "46.99", "46.99"], "Variants discount price": ["CHF9.59", "CHF11.49", "CHF11.49", "CHF11.49", "CHF10.99", "CHF11.99"], "Variants image": ["https://img.kwcdn.com/product/Fancyalgo/VirtualModelMatting/cb8698fd9e6ba29623af7cf1293c48b1.jpg?imageView2/2/w/180/q/70", "https://img.kwcdn.com/product/Fancyalgo/VirtualModelMatting/99fb857f0b5be49f6c122c1e51387801.jpg?imageView2/2/w/180/q/70", "https://img.kwcdn.com/product/Fancyalgo/VirtualModelMatting/8c365a9702908022a7a54d948d9905b8.jpg?imageView2/2/w/180/q/70", "https://img.kwcdn.com/product/Fancyalgo/VirtualModelMatting/1d9ab8a7773288fe6d66c43fb253f63d.jpg?imageView2/2/w/180/q/70", "https://img.kwcdn.com/product/Fancyalgo/VirtualModelMatting/c2b48eea50552eabfa4e63e63299cbce.jpg?imageView2/2/w/180/q/70", "https://img.kwcdn.com/product/Fancyalgo/VirtualModelMatting/4e0461fbaed14867ad5bcc99bdc0f6ad.jpg?imageView2/2/w/180/q/70"], "Variants attribute name": "Color", "Variants attribute values": ["One Silver", "Type Three Black", "Type Three Silver", "Style One Black", "Style Two Black", "Type 2 Silver"]}{"Product ID": " WH32340", "Product title": "Trendy Magic Book Shape Crossbody Bag, Gothic Punk Rock Style Square Cellphone Lipstick Coin Bag, Perfect Casual Shoulder Bag For Halloween, Makeup Party, Music Festival", "Product URL": "https://www.temu.com/ch-en/trendy-magic-book-shape-crossbody-bag-gothic-punk-rock-style-square-cellphone-lipstick-coin-bag-perfect-casual-shoulder-bag-for-halloween-makeup-party-music-festival-g-601099527603381.html", "Product description": "Patterned: Solid color,Material: PU,Closure: Magnet,Feature: Adjustable strap,Theme: Occasion,Pattern Style: Other Printing,Lining Description: Polyester,", "Product sold amount": "3  ", "Product rating": "4.7", "Product images": ["https://img.kwcdn.com/product/Fancyalgo/VirtualModelMatting/c6ca596f1aaf44fb30f66c43c22a6996.jpg", "https://img.kwcdn.com/product/Fancyalgo/VirtualModelMatting/81ec2fb4643f3de91a21cca4739e2dd9.jpg", "https://img.kwcdn.com/product/Fancyalgo/VirtualModelMatting/4b9c367ba0b948f7a59deafd71168c48.jpg", "https://img.kwcdn.com/product/Fancyalgo/VirtualModelMatting/8c28fe71b9448a1fe3a708d21ed4e383.jpg", "https://img.kwcdn.com/product/Fancyalgo/VirtualModelMatting/9752f17387a1ed3a61618347ec9a0ab3.jpg", "https://img.kwcdn.com/product/Fancyalgo/VirtualModelMatting/fb672dee44d4cd4287c2b6cb3478eccc.jpg", "https://img.kwcdn.com/product/Fancyalgo/VirtualModelMatting/6378c20c207c6d65367ec436330a40e0.jpg", "https://img.kwcdn.com/product/Fancyalgo/VirtualModelMatting/f8a6f0abdf896af3917a6564c0feec6d.jpg", "https://img.kwcdn.com/product/Fancyalgo/VirtualModelMatting/bbd42554e9cf12dd69040a38a0ccc231.jpg"], "Product video": [], "Discount price": "CHF14.98", "Original price": "62.99", "Variants original price": ["62.99", "62.99", "62.99", "62.99"], "Variants discount price": ["CHF14.98", "CHF14.98", "CHF14.98", "CHF14.98"], "Variants image": ["https://img.kwcdn.com/product/Fancyalgo/VirtualModelMatting/fb672dee44d4cd4287c2b6cb3478eccc.jpg?imageView2/2/w/180/q/70", "https://img.kwcdn.com/product/Fancyalgo/VirtualModelMatting/6378c20c207c6d65367ec436330a40e0.jpg?imageView2/2/w/180/q/70", "https://img.kwcdn.com/product/Fancyalgo/VirtualModelMatting/f8a6f0abdf896af3917a6564c0feec6d.jpg?imageView2/2/w/180/q/70", "https://img.kwcdn.com/product/Fancyalgo/VirtualModelMatting/bbd42554e9cf12dd69040a38a0ccc231.jpg?imageView2/2/w/180/q/70"], "Variants attribute name": "Color", "Variants attribute values": ["Black Style Two", "Red One", "Red Style Two", "Ferrous Black"]}{"Product ID": " KQ20279", "Product title": "Vintage Basgiath War Tote Bag, I Am The Sky Shoulder Bag, Dragon Rider Pattern Canvas Shopping Bag", "Product URL": "https://www.temu.com/ch-en/vintage-basgiath-war-tote-bag-i-am-the-sky-shoulder-bag-dragon-rider-pattern-canvas-shopping-bag-g-601099521553929.html", "Product description": "Material: Canvas,Closure: No-closure,Feature: Fixed Shoulder Straps,", "Product sold amount": "517  ", "Product rating": "4.8", "Product images": ["https://img.kwcdn.com/product/Fancyalgo/VirtualModelMatting/69d7216c93d2998e30d7fea16fb6f54f.jpg", "https://img.kwcdn.com/product/Fancyalgo/VirtualModelMatting/9bd08603d52a4a8ed72b5de2c197fc58.jpg", "https://img.kwcdn.com/product/Fancyalgo/VirtualModelMatting/fa639345e6dd5ee2bc60f22c3ef95ae6.jpg", "https://img.kwcdn.com/product/Fancyalgo/VirtualModelMatting/339c9d0993557694b9211e02d8c2c242.jpg", "https://img.kwcdn.com/product/Fancyalgo/VirtualModelMatting/ed6d762e6233d52bc6c8f99e5a12be98.jpg", "https://img.kwcdn.com/product/Fancyalgo/VirtualModelMatting/1a25a08c26708d37ccc6b97b0f65e51a.jpg", "https://img.kwcdn.com/product/1e78ea2412/295a7782-8322-46b3-83e3-17dacf71c5e9_800x800.jpeg", "https://img.kwcdn.com/product/1e78ea2412/daf5f005-20f8-4553-b11e-f0e3516decb8_800x800.jpeg"], "Product video": [], "Discount price": "CHF4.48", "Original price": "16.99", "Variants original price": ["16.99", "16.99"], "Variants discount price": ["CHF4.48", "CHF4.48"], "Variants image": ["https://img.kwcdn.com/product/1e78ea2412/295a7782-8322-46b3-83e3-17dacf71c5e9_800x800.jpeg?imageView2/2/w/180/q/70", "https://img.kwcdn.com/product/1e78ea2412/daf5f005-20f8-4553-b11e-f0e3516decb8_800x800.jpeg?imageView2/2/w/180/q/70"], "Variants attribute name": "Color", "Variants attribute values": ["white", "Beige"]}{"Product ID": " FP20661", "Product title": "Gothic Punk Style Crossbody Bag, Y2K Coffin Shaped Shoulder Bag, Halloween Themed Party Purse For Horror Night", "Product URL": "https://www.temu.com/ch-en/gothic-punk-style-crossbody-bag-y2k-coffin-shaped-shoulder-bag-halloween-themed-party-purse-for-horror-night-g-601099521599895.html", "Product description": "Patterned: None,Material: PU,Closure: Zipper,Theme: Occasion,Included Components: Messenger Bag,", "Product sold amount": "95  ", "Product rating": "4.6", "Product images": ["https://img.kwcdn.com/product/Fancyalgo/VirtualModelMatting/34fa5a6e528a57a8629c30632e01fe2b.jpg", "https://img.kwcdn.com/product/Fancyalgo/VirtualModelMatting/ba88de4171e484b3db874b6b29e8484e.jpg", "https://img.kwcdn.com/product/Fancyalgo/VirtualModelMatting/db8bb3128854d0f48a1d7ed6c143781f.jpg", "https://img.kwcdn.com/product/Fancyalgo/VirtualModelMatting/44cefedd9698a0b26350d80f365ed76a.jpg", "https://img.kwcdn.com/product/Fancyalgo/VirtualModelMatting/02e9fbef0c4ac3b668e20dbbfcc73772.jpg", "https://img.kwcdn.com/product/Fancyalgo/VirtualModelMatting/00bf33dee4f2b5b053792db5bf92951b.jpg", "https://img.kwcdn.com/product/1e78ea1d6d/c1539b78-4fad-4b14-aa0f-7fe3ade5ae37_800x800.jpeg"], "Product video": [], "Discount price": "CHF10.98", "Original price": "48.99", "Variants original price": [0], "Variants discount price": [0], "Variants image": [0], "Variants attribute name": "", "Variants attribute values": [0]}{"Product ID": " BW09276", "Product title": "Cartoon Dinosaur Doll Bag, Cute Chain Crossbody Bag, Kawaii Studded Decor Coin Purse", "Product URL": "https://www.temu.com/ch-en/cartoon-dinosaur-doll-bag-cute-chain-crossbody-bag-kawaii-studded-decor-coin-purse-g-601099516148930.html", "Product description": "Patterned: Solid color,Material: PU,Closure: Zipper,Theme: Animals,Included Components: Messenger Bag,", "Product sold amount": "82  ", "Product rating": "4.7", "Product images": ["https://img.kwcdn.com/product/Fancyalgo/VirtualModelMatting/b1891f7bd8a47f25fcd46f4fc3d67f80.jpg", "https://img.kwcdn.com/product/Fancyalgo/VirtualModelMatting/4452c1fc3947ace8dd345bcac033412d.jpg", "https://img.kwcdn.com/product/Fancyalgo/VirtualModelMatting/8f3d9a3be73c0f6908d39c25a6b402e4.jpg", "https://img.kwcdn.com/product/Fancyalgo/VirtualModelMatting/9be0bf2ed34c943e4b07790d397c383b.jpg", "https://img.kwcdn.com/product/Fancyalgo/VirtualModelMatting/5a257ffe04a6fc989ef7dc6621859e77.jpg", "https://img.kwcdn.com/product/Fancyalgo/VirtualModelMatting/b272ea5f2b6e338295e15bafc2638e3f.jpg", "https://img.kwcdn.com/product/Fancyalgo/VirtualModelMatting/1465e0b1e4461ec4a60e5733345675ed.jpg", "https://img.kwcdn.com/product/Fancyalgo/VirtualModelMatting/bda75227f7dc41d473b2cc2e1afa916c.jpg", "https://img.kwcdn.com/product/Fancyalgo/VirtualModelMatting/25c48c1ca2ce2133e2993c1a19fd1631.jpg", "https://img.kwcdn.com/product/Fancyalgo/VirtualModelMatting/d04e8a9ceaac4110dcc2cbbe24a71fe6.jpg", "https://img.kwcdn.com/product/1e13cb951a8/a1d8835c-cc5e-483c-be65-c6832a745bce_800x800.jpeg", "https://img.kwcdn.com/product/1e13cb951a8/f72e810e-beda-4293-bd47-b5d5ec3d46e9_800x800.jpeg", "https://img.kwcdn.com/product/1e13cb951a8/4e2338a3-5646-4faa-ad0e-c117eedef7ec_800x800.jpeg"], "Product video": ["https://goods-vod.kwcdn.com/goods-video/50520d3b3907c91864c28a245c843697a6c23ad4.f30.mp4"], "Discount price": "CHF16.48", "Original price": "38.99", "Variants original price": ["38.99", "38.99", "38.99"], "Variants discount price": ["CHF16.48", "CHF16.48", "CHF16.48"], "Variants image": ["https://img.kwcdn.com/product/1e13cb951a8/a1d8835c-cc5e-483c-be65-c6832a745bce_800x800.jpeg?imageView2/2/w/180/q/70", "https://img.kwcdn.com/product/1e13cb951a8/f72e810e-beda-4293-bd47-b5d5ec3d46e9_800x800.jpeg?imageView2/2/w/180/q/70", "https://img.kwcdn.com/product/1e13cb951a8/4e2338a3-5646-4faa-ad0e-c117eedef7ec_800x800.jpeg?imageView2/2/w/180/q/70"], "Variants attribute name": "Color", "Variants attribute values": ["Black", "Red", "Pink"]}{"Product ID": " XX29985", "Product title": "Gothic Skull Shaped Crossbody Bag, Trendy Halloween Party Purse, Creative Novelty Shoulder Bag", "Product URL": "https://www.temu.com/ch-en/gothic-skull-shaped-crossbody-bag-trendy-halloween-party-purse-creative-novelty-shoulder-bag-g-601099526518799.html", "Product description": "Patterned: None,Special Features: Water-resistant,Material: PU,Closure: Zipper,Feature: Adjustable strap,Theme: None,Pattern Style: No Pattern,Lining Description: Polyester,", "Product sold amount": "26  ", "Product rating": "4.6", "Product images": ["https://img.kwcdn.com/product/Fancyalgo/VirtualModelMatting/2491bd326fb9b88b9355b40b51ede9b0.jpg", "https://img.kwcdn.com/product/Fancyalgo/VirtualModelMatting/8871a0571ad02affe29eb5cd2ad35e4d.jpg", "https://img.kwcdn.com/product/Fancyalgo/VirtualModelMatting/6123792edf1c55cd74f23ece708624e5.jpg", "https://img.kwcdn.com/product/Fancyalgo/VirtualModelMatting/3422be41b4f25b139acbbf8c1b3ec0b6.jpg", "https://img.kwcdn.com/product/Fancyalgo/VirtualModelMatting/5fec4b36570cc96ff8033ef265c333d7.jpg", "https://img.kwcdn.com/product/Fancyalgo/VirtualModelMatting/b34199c6cd62532c6acd6a45b3d42701.jpg", "https://img.kwcdn.com/product/Fancyalgo/VirtualModelMatting/d2f72e4cecb0296f1c07bfffbe13e0c6.jpg", "https://img.kwcdn.com/product/Fancyalgo/VirtualModelMatting/4e586b3c96cd175533ab680b2c638eae.jpg", "https://img.kwcdn.com/product/Fancyalgo/VirtualModelMatting/0f5f44aceb16bffa4460486f1598047c.jpg", "https://img.kwcdn.com/product/Fancyalgo/VirtualModelMatting/b34b78a2cfe50ad575f2930aac07ae09.jpg", "https://img.kwcdn.com/product/Fancyalgo/VirtualModelMatting/6123792edf1c55cd74f23ece708624e5.jpg", "https://img.kwcdn.com/product/Fancyalgo/VirtualModelMatting/d2f72e4cecb0296f1c07bfffbe13e0c6.jpg"], "Product video": [], "Discount price": "CHF11.98", "Original price": "50.99", "Variants original price": ["50.99", "50.99"], "Variants discount price": ["CHF11.98", "CHF11.98"], "Variants image": ["https://img.kwcdn.com/product/Fancyalgo/VirtualModelMatting/6123792edf1c55cd74f23ece708624e5.jpg?imageView2/2/w/180/q/70", "https://img.kwcdn.com/product/Fancyalgo/VirtualModelMatting/d2f72e4cecb0296f1c07bfffbe13e0c6.jpg?imageView2/2/w/180/q/70"], "Variants attribute name": "Color", "Variants attribute values": ["Black", "Creamy White"]}{"Product ID": " TL21311", "Product title": "Dark Style Cat Sling Bag, Halloween Sense Crossbody Bag, PU Leather Fancy Pack For Gift", "Product URL": "https://www.temu.com/ch-en/dark-style-cat-sling-bag-halloween-sense-crossbody-bag-pu-leather-fancy-pack-for-gift-g-601099521946551.html", "Product description": "Patterned: Camouflage,Material: PU,Closure: Zipper,Theme: Occasion,", "Product sold amount": "34  ", "Product rating": "4.7", "Product images": ["https://img.kwcdn.com/product/open/2023-07-27/1690446230098-0f42e88438f045ccb16abe07e9a25154-goods.jpeg", "https://img.kwcdn.com/product/open/2023-07-27/1690446230074-0734a688876a42d4a8d9ecef0bef04aa-goods.jpeg", "https://img.kwcdn.com/product/open/2023-07-27/1690446230070-50886d51c76447d4a9313838f7ab0c44-goods.jpeg", "https://img.kwcdn.com/product/open/2023-07-27/1690446230063-03a9cc7d9d754b0cadd9c9c419ff0b91-goods.jpeg", "https://img.kwcdn.com/product/open/2023-07-27/1690446230100-c4d20814320b4f558449cbf0aad465bf-goods.jpeg", "https://img.kwcdn.com/product/open/2023-07-27/1690446230063-153266aa699d48b58eb626d1bd69ce82-goods.jpeg", "https://img.kwcdn.com/product/open/2023-07-27/1690446230070-e18f828f6205448fa1bf3103ecbfd933-goods.jpeg", "https://img.kwcdn.com/product/open/2023-07-27/1690446230088-45618610889e4b769f7e6790846f77fe-goods.jpeg", "https://img.kwcdn.com/product/open/2023-07-27/1690446230081-74f517c552a34d4e89d479a25a0a9412-goods.jpeg", "https://img.kwcdn.com/product/open/2023-07-27/1690446230085-c240b1d82deb4bdf935fd57a62d26fbc-goods.jpeg", "https://img.kwcdn.com/product/open/2023-07-27/1690446231455-0b9338d89644495a8c0ccb2817675eb2-goods.jpeg", "https://img.kwcdn.com/product/open/2023-07-27/1690446231551-dad56cbaaa9b4e578d0ead80133a228b-goods.jpeg"], "Product video": [], "Discount price": "CHF8.48", "Original price": "36.49", "Variants original price": ["36.49", "36.49"], "Variants discount price": ["CHF8.48", "CHF8.48"], "Variants image": ["https://img.kwcdn.com/product/open/2023-07-27/1690446231455-0b9338d89644495a8c0ccb2817675eb2-goods.jpeg?imageView2/2/w/180/q/70", "https://img.kwcdn.com/product/open/2023-07-27/1690446231551-dad56cbaaa9b4e578d0ead80133a228b-goods.jpeg?imageView2/2/w/180/q/70"], "Variants attribute name": "Color", "Variants attribute values": ["Gray", "Purple"]}{"Product ID": " TG30499", "Product title": "Halloween Pumpkin Crossbody Bag, Gothic Cartoon Shoulder Bag, Women's Fashion Funny Handbag & Purse", "Product URL": "https://www.temu.com/ch-en/halloween-pumpkin-crossbody-bag-gothic-cartoon-shoulder-bag-womens-fashion-funny-handbag-purse-g-601099526838898.html", "Product description": "Patterned: Solid color,Material: PU,Closure: Zipper,Feature: Removable-strap,Theme: Occasion,", "Product sold amount": "119  ", "Product rating": "4.7", "Product images": ["https://img.kwcdn.com/product/Fancyalgo/VirtualModelMatting/deaaaa4e5665e75a868bfd8fc1eb0222.jpg", "https://img.kwcdn.com/product/Fancyalgo/VirtualModelMatting/c949a21bb9d8ad1be0c67ea8c7f699ef.jpg", "https://img.kwcdn.com/product/Fancyalgo/VirtualModelMatting/51020ecae1179710bd5623922e1aa000.jpg", "https://img.kwcdn.com/product/Fancyalgo/VirtualModelMatting/39661d31bac44e3264a26e29e3df05fc.jpg", "https://img.kwcdn.com/product/Fancyalgo/VirtualModelMatting/3f2d9714e419ffcd1cc9eabe280c7b41.jpg", "https://img.kwcdn.com/product/Fancyalgo/VirtualModelMatting/2733787d52287dc8a78c1d849dbef815.jpg", "https://img.kwcdn.com/product/Fancyalgo/VirtualModelMatting/50fab8da043ea1601c78e3aea6bcfa95.jpg", "https://img.kwcdn.com/product/Fancyalgo/VirtualModelMatting/18aeb58bf03091118c922ffb5f67ca35.jpg", "https://img.kwcdn.com/product/Fancyalgo/VirtualModelMatting/5e6f6bd46f7ab1122b65800460cc3b6f.jpg", "https://img.kwcdn.com/product/Fancyalgo/VirtualModelMatting/16a3b3a381695b360d479eaca38d65be.jpg", "https://img.kwcdn.com/product/Fancyalgo/VirtualModelMatting/50fab8da043ea1601c78e3aea6bcfa95.jpg", "https://img.kwcdn.com/product/Fancyalgo/VirtualModelMatting/18aeb58bf03091118c922ffb5f67ca35.jpg", "https://img.kwcdn.com/product/Fancyalgo/VirtualModelMatting/f1d9e6b6d563ec0d21ec81947a3fd316.jpg"], "Product video": ["https://goods-vod.kwcdn.com/goods-video/39b2bac4198c50d141ecb18399444d98d4012a2d.f30.mp4"], "Discount price": "CHF12.48", "Original price": "53.99", "Variants original price": ["52.99", "53.99", "53.99", "52.99"], "Variants discount price": ["CHF13.98", "CHF12.48", "CHF12.98", "CHF13.48"], "Variants image": ["https://img.kwcdn.com/product/Fancyalgo/VirtualModelMatting/16a3b3a381695b360d479eaca38d65be.jpg?imageView2/2/w/180/q/70", "https://img.kwcdn.com/product/Fancyalgo/VirtualModelMatting/50fab8da043ea1601c78e3aea6bcfa95.jpg?imageView2/2/w/180/q/70", "https://img.kwcdn.com/product/Fancyalgo/VirtualModelMatting/18aeb58bf03091118c922ffb5f67ca35.jpg?imageView2/2/w/180/q/70", "https://img.kwcdn.com/product/Fancyalgo/VirtualModelMatting/f1d9e6b6d563ec0d21ec81947a3fd316.jpg?imageView2/2/w/180/q/70"], "Variants attribute name": "Color", "Variants attribute values": ["Orange Smile", "Black Rage", "Orange Rage", "Black Smile"]}{"Product ID": " TK24175", "Product title": "Mini Coffin Shaped Novelty Bag, Dark Crossbody Bag, Women's Goth Horror Handbag & Shoulder Purse For Halloween", "Product URL": "https://www.temu.com/ch-en/mini-coffin-shaped-novelty-bag-dark-crossbody-bag-womens-goth-horror-handbag-shoulder-purse-for-halloween-g-601099523420329.html", "Product description": "Patterned: Solid color,Material: PU,Closure: Zipper,Theme: Occasion,Included Components: Messenger Bag,", "Product sold amount": "355  ", "Product rating": "4.7", "Product images": ["https://img.kwcdn.com/product/Fancyalgo/VirtualModelMatting/a16b6adfe94def7770a90e6f6d7cc915.jpg", "https://img.kwcdn.com/product/Fancyalgo/VirtualModelMatting/6373ea0896e1f5234155c3024df64ca3.jpg", "https://img.kwcdn.com/product/Fancyalgo/VirtualModelMatting/88a38b9c94936abac7c03656c89e437e.jpg", "https://img.kwcdn.com/product/Fancyalgo/VirtualModelMatting/0c7fbfe241bf8f5fbcf93cab1603e50c.jpg", "https://img.kwcdn.com/product/Fancyalgo/VirtualModelMatting/0f52d8f2ef5f807b606b87bad660fec9.jpg", "https://img.kwcdn.com/product/Fancyalgo/VirtualModelMatting/311c0c699c69a029d2f01e544ddfac7b.jpg", "https://img.kwcdn.com/product/Fancyalgo/VirtualModelMatting/4be81d65e87cf9ed9dd1d93236cfe8d3.jpg", "https://img.kwcdn.com/product/Fancyalgo/VirtualModelMatting/affa115d6c80f4b40a33d07ab6352968.jpg", "https://img.kwcdn.com/product/Fancyalgo/VirtualModelMatting/726f73f16c224886abac4012d9494ce9.jpg", "https://img.kwcdn.com/product/Fancyalgo/VirtualModelMatting/e5881fe1f642025abf461480d880b6f3.jpg", "https://img.kwcdn.com/product/Fancyalgo/VirtualModelMatting/6373ea0896e1f5234155c3024df64ca3.jpg", "https://img.kwcdn.com/product/Fancyalgo/VirtualModelMatting/88a38b9c94936abac7c03656c89e437e.jpg"], "Product video": ["https://goods-vod.kwcdn.com/goods-video/6aa91d78eb337cab29e846b99ad1d11b7c7d7c80.f30.mp4"], "Discount price": "CHF8.98", "Original price": "39.49", "Variants original price": ["39.49", "39.49"], "Variants discount price": ["CHF8.98", "CHF8.98"], "Variants image": ["https://img.kwcdn.com/product/Fancyalgo/VirtualModelMatting/6373ea0896e1f5234155c3024df64ca3.jpg?imageView2/2/w/180/q/70", "https://img.kwcdn.com/product/Fancyalgo/VirtualModelMatting/88a38b9c94936abac7c03656c89e437e.jpg?imageView2/2/w/180/q/70"], "Variants attribute name": "Color", "Variants attribute values": ["Black", "Red"]}{"Product ID": " JA23994", "Product title": "Y2K Denim Shoulder Bag For Women, Star Patch Decor Underarm Purse, Trendy Chain Handbag With Buckle", "Product URL": "https://www.temu.com/ch-en/y2k-denim-shoulder-bag-for-women-star-patch-decor-underarm-purse-trendy-chain-handbag-with-buckle-g-601099523275818.html", "Product description": "Patterned: Solid color,Special Features: Lightweight,Material: Cowboy,Embellishment Feature: Button,Closure: Buckle,Feature: Removable-strap,Theme: None,Included Components: Messenger Bag,", "Product sold amount": "495  ", "Product rating": "4.5", "Product images": ["https://img.kwcdn.com/product/Fancyalgo/VirtualModelMatting/42028c07ef82d31001cb79ca07953e0f.jpg", "https://img.kwcdn.com/product/Fancyalgo/VirtualModelMatting/bfe1419390582dc36c23668b703be767.jpg", "https://img.kwcdn.com/product/Fancyalgo/VirtualModelMatting/d618b5485e0901377a87bdb3896c6e9b.jpg", "https://img.kwcdn.com/product/Fancyalgo/VirtualModelMatting/8dabe591bcccebedf5c92a90e3a28f1d.jpg", "https://img.kwcdn.com/product/Fancyalgo/VirtualModelMatting/494011e975e4eaea6dc780a3436cc898.jpg", "https://img.kwcdn.com/product/Fancyalgo/VirtualModelMatting/982ae99001481c6cad7cf50d400c5a72.jpg", "https://img.kwcdn.com/product/Fancyalgo/VirtualModelMatting/818eae527fc41afdc2b74639e2889d0f.jpg", "https://img.kwcdn.com/product/Fancyalgo/VirtualModelMatting/afd9e56f83526d2080a027003c670c92.jpg", "https://img.kwcdn.com/product/Fancyalgo/VirtualModelMatting/6d3ea1e724d0f80c336bc9435c05a28c.jpg", "https://img.kwcdn.com/product/Fancyalgo/VirtualModelMatting/ccdc14010cf89afa5f06fbd145a64799.jpg"], "Product video": [], "Discount price": "CHF10.98", "Original price": "48.99", "Variants original price": [0], "Variants discount price": [0], "Variants image": [0], "Variants attribute name": "", "Variants attribute values": [0]}{"Product ID": " XJ25761", "Product title": "Halloween Fun Bat Crossbody Bag, Creative Embroidery Handbag, Trendy Spider Wed Shoulder Bag", "Product URL": "https://www.temu.com/ch-en/halloween-fun-bat-crossbody-bag-creative-embroidery-handbag-trendy-spider-wed-shoulder-bag-g-601099524214451.html", "Product description": "Patterned: Solid color,Material: PU,Closure: Zipper,Theme: Occasion,Included Components: Messenger Bag,", "Product sold amount": "144  ", "Product rating": "4.6", "Product images": ["https://img.kwcdn.com/product/Fancyalgo/VirtualModelMatting/6463523880ccab1678f9003ca40399cd.jpg", "https://img.kwcdn.com/product/Fancyalgo/VirtualModelMatting/e47106e3881e237f83bd00fdfb723a3b.jpg", "https://img.kwcdn.com/product/Fancyalgo/VirtualModelMatting/dfe08fdce02f0cc15be6ce4420c47010.jpg", "https://img.kwcdn.com/product/Fancyalgo/VirtualModelMatting/20bf59c8ae402df7a125e693047288ad.jpg", "https://img.kwcdn.com/product/Fancyalgo/VirtualModelMatting/d3a37156647edb6b9e58ec01168c2f28.jpg", "https://img.kwcdn.com/product/Fancyalgo/VirtualModelMatting/99be323becfe2eb196ca3e35292e491b.jpg", "https://img.kwcdn.com/product/Fancyalgo/VirtualModelMatting/1ec75a622b4c0881af1345013e2da2da.jpg", "https://img.kwcdn.com/product/Fancyalgo/VirtualModelMatting/13dc433cd9ac22b5319b2bc201117706.jpg", "https://img.kwcdn.com/product/Fancyalgo/VirtualModelMatting/610747fc77d21fc654fd3a17a9921fde.jpg", "https://img.kwcdn.com/product/Fancyalgo/VirtualModelMatting/6d1015871f1626644b288d89bd1bd8ff.jpg", "https://img.kwcdn.com/product/Fancyalgo/VirtualModelMatting/a35f1cabc9778f2994e570a6ab92b8f7.jpg", "https://img.kwcdn.com/product/Fancyalgo/VirtualModelMatting/aa8ddcc551516ef02ce29586b6e7f6a1.jpg", "https://img.kwcdn.com/product/Fancyalgo/VirtualModelMatting/901cd67ad495b0ff7c480fd53191d927.jpg", "https://img.kwcdn.com/product/Fancyalgo/VirtualModelMatting/b2af6c96505b237baf9cd7ee3aca0c36.jpg", "https://img.kwcdn.com/product/Fancyalgo/VirtualModelMatting/3cfde333c34850efb717c3759faea9f6.jpg", "https://img.kwcdn.com/product/Fancyalgo/VirtualModelMatting/4db034232ea164c1d975fa65c1737501.jpg"], "Product video": [], "Discount price": "CHF8.98", "Original price": "37.49", "Variants original price": ["40.99", "37.49", "40.99", "40.99", "40.99", "40.99"], "Variants discount price": ["CHF9.98", "CHF8.98", "CHF9.18", "CHF9.98", "CHF9.48", "CHF9.98"], "Variants image": ["https://img.kwcdn.com/product/Fancyalgo/VirtualModelMatting/a35f1cabc9778f2994e570a6ab92b8f7.jpg?imageView2/2/w/180/q/70", "https://img.kwcdn.com/product/Fancyalgo/VirtualModelMatting/aa8ddcc551516ef02ce29586b6e7f6a1.jpg?imageView2/2/w/180/q/70", "https://img.kwcdn.com/product/Fancyalgo/VirtualModelMatting/901cd67ad495b0ff7c480fd53191d927.jpg?imageView2/2/w/180/q/70", "https://img.kwcdn.com/product/Fancyalgo/VirtualModelMatting/b2af6c96505b237baf9cd7ee3aca0c36.jpg?imageView2/2/w/180/q/70", "https://img.kwcdn.com/product/Fancyalgo/VirtualModelMatting/3cfde333c34850efb717c3759faea9f6.jpg?imageView2/2/w/180/q/70", "https://img.kwcdn.com/product/Fancyalgo/VirtualModelMatting/4db034232ea164c1d975fa65c1737501.jpg?imageView2/2/w/180/q/70"], "Variants attribute name": "Color", "Variants attribute values": ["White", "Green", "Black", "Khaki", "Coffee Color", "Red"]}{"Product ID": " TG40002", "Product title": "Punk Style Mini Crossbody Bag, Gothic Skull Mobile Phone Bag, Vintage Rivet Motorcycle Bag For Outdoor Travel Sport", "Product URL": "https://www.temu.com/ch-en/punk-style-mini-crossbody-bag-gothic-skull-mobile-phone-bag-vintage-rivet-motorcycle-bag-for-outdoor-travel-sport-g-601099531933153.html", "Product description": "Patterned: Solid color,Material: PU,Closure: Buckle,Theme: Steampunk,", "Product sold amount": "3  ", "Product rating": "5", "Product images": ["https://img.kwcdn.com/product/Fancyalgo/VirtualModelMatting/b2a157fc698e9215aaa931a1446c6df5.jpg", "https://img.kwcdn.com/product/Fancyalgo/VirtualModelMatting/7a3f47050662aca4510317d374d1e0a5.jpg", "https://img.kwcdn.com/product/Fancyalgo/VirtualModelMatting/751bf5d12ba212b3cca331683c09a272.jpg", "https://img.kwcdn.com/product/Fancyalgo/VirtualModelMatting/370635b1091ed5dd5451b9ca14ada943.jpg", "https://img.kwcdn.com/product/Fancyalgo/VirtualModelMatting/94cecd29f64a40c743e23af0e6bd7cd9.jpg", "https://img.kwcdn.com/product/Fancyalgo/VirtualModelMatting/b98d6a7c285aabdd7cd4170f89ce78d1.jpg", "https://img.kwcdn.com/product/Fancyalgo/VirtualModelMatting/94cecd29f64a40c743e23af0e6bd7cd9.jpg"], "Product video": [], "Discount price": "CHF12.48", "Original price": "60.99", "Variants original price": [0], "Variants discount price": [0], "Variants image": [0], "Variants attribute name": "", "Variants attribute values": [0]}{"Product ID": " NE43239", "Product title": "Casual Gothic Y2K Style Satchel Bag With Cat Head Shaped Design, Punk Style Party Supplies Handbag", "Product URL": "https://www.temu.com/ch-en/casual-gothic-y2k-style-satchel-bag-with-cat-head-shaped-design-punk-style-party-supplies-handbag-g-601099533582252.html", "Product description": "Patterned: Solid color,Material: PU,Closure: Zipper,Feature: Adjustable strap,Theme: Occasion,Included Components: Messenger Bag,Lining Description: Polyester,", "Product sold amount": "1  ", "Product rating": "4.7", "Product images": ["https://img.kwcdn.com/product/Fancyalgo/VirtualModelMatting/04ee66dbcd41184efa7daa2ee19d12fd.jpg", "https://img.kwcdn.com/product/Fancyalgo/VirtualModelMatting/f73d6abcc752a44a0d8f1635fc67e48c.jpg", "https://img.kwcdn.com/product/Fancyalgo/VirtualModelMatting/41bacaf2561522d23e7713fde6ae2527.jpg", "https://img.kwcdn.com/product/Fancyalgo/VirtualModelMatting/8cd247142cbf806bc97d7d97a5ca3887.jpg", "https://img.kwcdn.com/product/Fancyalgo/VirtualModelMatting/78438589ce52280d075b236f7fe7304e.jpg", "https://img.kwcdn.com/product/Fancyalgo/VirtualModelMatting/75911e444dc39c3fdf9a60e5b748e1d5.jpg", "https://img.kwcdn.com/product/Fancyalgo/VirtualModelMatting/e0be41a1e5f4ae3301ba162bd1fdaafc.jpg", "https://img.kwcdn.com/product/Fancyalgo/VirtualModelMatting/c730b04ad6920bf92807eb3c021a5cb6.jpg", "https://img.kwcdn.com/product/Fancyalgo/VirtualModelMatting/7a1cd1094161ef97ac5c99246ff4054c.jpg", "https://img.kwcdn.com/product/Fancyalgo/VirtualModelMatting/f73d6abcc752a44a0d8f1635fc67e48c.jpg"], "Product video": [], "Discount price": "CHF16.49", "Original price": "73.49", "Variants original price": [0], "Variants discount price": [0], "Variants image": [0], "Variants attribute name": "", "Variants attribute values": [0]}{"Product ID": " JE06258", "Product title": "Gothic Coffin Shaped Bag, Mini Dark Black Crossbody Bag, Vintage Pattern Purse For Women", "Product URL": "https://www.temu.com/ch-en/gothic-coffin-shaped-bag-mini-dark-black-body-bag-vintage--pattern-purse-for-women-g-601099514654272.html", "Product description": "Patterned: String,Material: PU,Closure: Zipper,Theme: Steampunk,", "Product sold amount": "4.5K+  ", "Product rating": "4.8", "Product images": ["https://img.kwcdn.com/product/Fancyalgo/VirtualModelMatting/903aa418e6a2bd6b7c7fe7e478cc209e.jpg", "https://img.kwcdn.com/product/Fancyalgo/VirtualModelMatting/64f10ca8c2a7d3598782e16d5842761e.jpg", "https://img.kwcdn.com/product/Fancyalgo/VirtualModelMatting/5497b688f9c473f532fd7d8354adecb6.jpg", "https://img.kwcdn.com/product/Fancyalgo/VirtualModelMatting/d9f0a885b30625ee37b081d011796b05.jpg", "https://img.kwcdn.com/product/Fancyalgo/VirtualModelMatting/54a157f8d2760d547e322026272d2299.jpg", "https://img.kwcdn.com/product/Fancyalgo/VirtualModelMatting/7363d8aa8f90e49341a68f44b6cc0ea2.jpg", "https://img.kwcdn.com/product/1e19d461536/3cdfcfa6-4a5c-48bd-9096-0788f21c9ca4_800x800.jpeg"], "Product video": [], "Discount price": "CHF12.48", "Original price": "55.99", "Variants original price": [0], "Variants discount price": [0], "Variants image": [0], "Variants attribute name": "", "Variants attribute values": [0]}