Handle,Title,Body (HTML),Vendor,Product Category,Type,Tags,Published,Option1 Name,Option1 Value,Option2 Name,Option2 Value,Option3 Name,Option3 Value,Variant SKU,Variant Grams,Variant Inventory Tracker,Variant Inventory Qty,Variant Inventory Policy,Variant Fulfillment Service,Variant Price,Variant Compare At Price,Variant Requires Shipping,Variant Taxable,Variant Barcode,Image Src,Image Position,Image Alt Text,Gift Card,SEO Title,SEO Description,Google Shopping / Google Product Category,Google Shopping / Gender,Google Shopping / Age Group,Google Shopping / MPN,Google Shopping / AdWords Grouping,Google Shopping / AdWords Labels,Google Shopping / Condition,Google Shopping / Custom Product,Google Shopping / Custom Label 0,Google Shopping / Custom Label 1,Google Shopping / Custom Label 2,Google Shopping / Custom Label 3,Google Shopping / Custom Label 4,Variant Image,Variant Weight Unit,Variant Tax Code,Cost per item,Included / United States,Included / International,Price / International,Compare At Price / International,Status
"1pc-led-motorcycle-riding-backpack,-with-led-display,-app-control,-waterproof-cycling-helmet-bag-hard-shell-travel-storage-bag-daypack,-christmas-gift","1pc LED Motorcycle Riding Backpack, With LED Display, APP Control, Waterproof Cycling Helmet Bag Hard Shell Travel Storage Bag Daypack, Christmas Gift","<iframe src=""https://goods-vod.kwcdn.com/goods-video/d286fc8d9db590cdfeb82642b894447aa42b317b.f30.mp4"" width=""640"" height=""360"" frameborder=""0"" allowfullscreen></iframe><br><br>Shipping Standard: free on all orders Delivery: Dec 24-Jan 4 ,  74,9% are ≤ 11 days Get a 5,00€ credit for late delivery Courier company:  DHL Paket , etc. Express:  6,99€ or  4,99€ (orders ≥ 49€) Delivery: Dec 22-30 ,  73,0% are ≤ 9 days Get a 7,00€/5,00€ credit for late delivery Courier company:  DHL , UPS , etc.<br>Free returns Price adjustment<br>Sustainability at Temu<br>",My Store,,,,true,Items,1pc Big Black - G,,,,,,0.0,,0,deny,manual,,,true,false,,,,,false,,,,,,,,,,,,,,,,,lb,,,true,true,,,active
"1pc-led-motorcycle-riding-backpack,-with-led-display,-app-control,-waterproof-cycling-helmet-bag-hard-shell-travel-storage-bag-daypack,-christmas-gift",,,,,,,,,,,,,,,,,,,,,,,,,https://img.kwcdn.com/product/Fancyalgo/VirtualModelMatting/7a49af256fdc19e0612239dc3cc79932.jpg,1,,,,,,,,,,,,,,,,,,,,,,,,,,
"1pc-led-motorcycle-riding-backpack,-with-led-display,-app-control,-waterproof-cycling-helmet-bag-hard-shell-travel-storage-bag-daypack,-christmas-gift",,,,,,,,,,,,,,,,,,,,,,,,,https://img.kwcdn.com/product/Fancyalgo/VirtualModelMatting/dbadcf9763ab478b238f84d0f2c6daf5.jpg,2,,,,,,,,,,,,,,,,,,,,,,,,,,
"1pc-led-motorcycle-riding-backpack,-with-led-display,-app-control,-waterproof-cycling-helmet-bag-hard-shell-travel-storage-bag-daypack,-christmas-gift",,,,,,,,,,,,,,,,,,,,,,,,,https://img.kwcdn.com/product/Fancyalgo/VirtualModelMatting/38e4d9aa8e9ad670092da2f8d92633df.jpg,3,,,,,,,,,,,,,,,,,,,,,,,,,,
"1pc-led-motorcycle-riding-backpack,-with-led-display,-app-control,-waterproof-cycling-helmet-bag-hard-shell-travel-storage-bag-daypack,-christmas-gift",,,,,,,,,,,,,,,,,,,,,,,,,https://img.kwcdn.com/product/Fancyalgo/VirtualModelMatting/cc195627d53b68ee1972b4924b48bd6b.jpg,4,,,,,,,,,,,,,,,,,,,,,,,,,,
"1pc-led-motorcycle-riding-backpack,-with-led-display,-app-control,-waterproof-cycling-helmet-bag-hard-shell-travel-storage-bag-daypack,-christmas-gift",,,,,,,,,,,,,,,,,,,,,,,,,https://img.kwcdn.com/product/Fancyalgo/VirtualModelMatting/10b4d63d195b3ca5e203a19fde4527ac.jpg,5,,,,,,,,,,,,,,,,,,,,,,,,,,
"1pc-led-motorcycle-riding-backpack,-with-led-display,-app-control,-waterproof-cycling-helmet-bag-hard-shell-travel-storage-bag-daypack,-christmas-gift",,,,,,,,,,,,,,,,,,,,,,,,,https://img.kwcdn.com/product/Fancyalgo/VirtualModelMatting/334a25f5d3aec76c112da01aac2202af.jpg,6,,,,,,,,,,,,,,,,,,,,,,,,,,
"1pc-led-motorcycle-riding-backpack,-with-led-display,-app-control,-waterproof-cycling-helmet-bag-hard-shell-travel-storage-bag-daypack,-christmas-gift",,,,,,,,,,,,,,,,,,,,,,,,,https://img.kwcdn.com/product/Fancyalgo/VirtualModelMatting/45a3f985bf3394df7dcdb5d3c2b93fb1.jpg,7,,,,,,,,,,,,,,,,,,,,,,,,,,
"1pc-led-motorcycle-riding-backpack,-with-led-display,-app-control,-waterproof-cycling-helmet-bag-hard-shell-travel-storage-bag-daypack,-christmas-gift",,,,,,,,,,,,,,,,,,,,,,,,,https://img.kwcdn.com/product/Fancyalgo/VirtualModelMatting/47e9def6e4cda6369f04898648e92a90.jpg,8,,,,,,,,,,,,,,,,,,,,,,,,,,
"1pc-led-motorcycle-riding-backpack,-with-led-display,-app-control,-waterproof-cycling-helmet-bag-hard-shell-travel-storage-bag-daypack,-christmas-gift",,,,,,,,,,,,,,,,,,,,,,,,,https://img.kwcdn.com/product/Fancyalgo/VirtualModelMatting/78246b2d88be5884881e54c2532aaa22.jpg,9,,,,,,,,,,,,,,,,,,,,,,,,,,
"1pc-led-motorcycle-riding-backpack,-with-led-display,-app-control,-waterproof-cycling-helmet-bag-hard-shell-travel-storage-bag-daypack,-christmas-gift",,,,,,,,,,,,,,,,,,,,,,,,,https://img.kwcdn.com/product/Fancyalgo/VirtualModelMatting/2d9e1d7f022ff4e2c656f2e57a23b27c.jpg,10,,,,,,,,,,,,,,,,,,,,,,,,,,
"1pc-led-motorcycle-riding-backpack,-with-led-display,-app-control,-waterproof-cycling-helmet-bag-hard-shell-travel-storage-bag-daypack,-christmas-gift",,,,,,,,,,,,,,,,,,,,,,,,,https://img.kwcdn.com/product/Fancyalgo/VirtualModelMatting/a3eceabd087079db7ee871df4e3990e6.jpg,11,,,,,,,,,,,,,,,,,,,,,,,,,,
