Handle,Title,Body (HTML),Vendor,Product Category,Type,Tags,Published,Option1 Name,Option1 Value,Option2 Name,Option2 Value,Option3 Name,Option3 Value,Variant SKU,Variant Grams,Variant Inventory Tracker,Variant Inventory Qty,Variant Inventory Policy,Variant Fulfillment Service,Variant Price,Variant Compare At Price,Variant Requires Shipping,Variant Taxable,Variant Barcode,Image Src,Image Position,Image Alt Text,Gift Card,SEO Title,SEO Description,Google Shopping / Google Product Category,Google Shopping / Gender,Google Shopping / Age Group,Google Shopping / MPN,Google Shopping / AdWords Grouping,Google Shopping / AdWords Labels,Google Shopping / Condition,Google Shopping / Custom Product,Google Shopping / Custom Label 0,Google Shopping / Custom Label 1,Google Shopping / Custom Label 2,Google Shopping / Custom Label 3,Google Shopping / Custom Label 4,Variant Image,Variant Weight Unit,Variant Tax Code,Cost per item,Included / United States,Included / International,Price / International,Compare At Price / International,Status
"gothic-style-waist-bag,-skull-&-studded-decor-crossbody-bag,-steampunk-motorcycle-bag-for-outdoor-travel-sport","Gothic Style Waist Bag, Skull & Studded Decor Crossbody Bag, Steampunk Motorcycle Bag For Outdoor Travel Sport","<iframe src=""https://goods-vod.kwcdn.com/goods-video/57039467e591d7d8d554306540bada7b9aadf594.f30.mp4"" width=""640"" height=""360"" frameborder=""0"" allowfullscreen></iframe><br><br>Shipping Standard: free on all orders Delivery: Dec 24-Jan 4 ,  74,9% are ≤ 11 days Get a 5,00€ credit for late delivery Courier company:  DHL Paket , etc. Express:  6,99€ or  4,99€ (orders ≥ 49€) Delivery: Dec 22-30 ,  73,0% are ≤ 9 days Get a 7,00€/5,00€ credit for late delivery Courier company:  DHL , UPS , etc.<br>Free returns Price adjustment<br>Sustainability at Temu (3M+ trees)<br>",My Store,,,,true,Color,Black,,,,,,0.0,,0,deny,manual,,,true,false,,,,,false,,,,,,,,,,,,,,,,,lb,,,true,true,,,active
"gothic-style-waist-bag,-skull-&-studded-decor-crossbody-bag,-steampunk-motorcycle-bag-for-outdoor-travel-sport",,,,,,,,,,,,,,,,,,,,,,,,,https://img.kwcdn.com/product/Fancyalgo/VirtualModelMatting/09932d0b55b91fec81b80db1123e4c3d.jpg,1,,,,,,,,,,,,,,,,,,,,,,,,,,
"gothic-style-waist-bag,-skull-&-studded-decor-crossbody-bag,-steampunk-motorcycle-bag-for-outdoor-travel-sport",,,,,,,,,,,,,,,,,,,,,,,,,https://img.kwcdn.com/product/Fancyalgo/VirtualModelMatting/a4a7a470d2e6b01114dde6b581e826ff.jpg,2,,,,,,,,,,,,,,,,,,,,,,,,,,
"gothic-style-waist-bag,-skull-&-studded-decor-crossbody-bag,-steampunk-motorcycle-bag-for-outdoor-travel-sport",,,,,,,,,,,,,,,,,,,,,,,,,https://img.kwcdn.com/product/Fancyalgo/VirtualModelMatting/5b80f2456d4e939d2e9091be2959e634.jpg,3,,,,,,,,,,,,,,,,,,,,,,,,,,
"gothic-style-waist-bag,-skull-&-studded-decor-crossbody-bag,-steampunk-motorcycle-bag-for-outdoor-travel-sport",,,,,,,,,,,,,,,,,,,,,,,,,https://img.kwcdn.com/product/Fancyalgo/VirtualModelMatting/245b848520bcb6ee1b64c5acc69dcc9a.jpg,4,,,,,,,,,,,,,,,,,,,,,,,,,,
"gothic-style-waist-bag,-skull-&-studded-decor-crossbody-bag,-steampunk-motorcycle-bag-for-outdoor-travel-sport",,,,,,,,,,,,,,,,,,,,,,,,,https://img.kwcdn.com/product/Fancyalgo/VirtualModelMatting/7a10e00553b6bf224505ebb05a29a57f.jpg,5,,,,,,,,,,,,,,,,,,,,,,,,,,
"gothic-style-waist-bag,-skull-&-studded-decor-crossbody-bag,-steampunk-motorcycle-bag-for-outdoor-travel-sport",,,,,,,,,,,,,,,,,,,,,,,,,https://img.kwcdn.com/product/Fancyalgo/VirtualModelMatting/e620c83a0a083f3968212e09868014d7.jpg,6,,,,,,,,,,,,,,,,,,,,,,,,,,
"gothic-style-waist-bag,-skull-&-studded-decor-crossbody-bag,-steampunk-motorcycle-bag-for-outdoor-travel-sport",,,,,,,,,,,,,,,,,,,,,,,,,https://img.kwcdn.com/product/Fancyalgo/VirtualModelMatting/24bd91bfac16c10a0534f0610ea88d26.jpg,7,,,,,,,,,,,,,,,,,,,,,,,,,,
"gothic-style-waist-bag,-skull-&-studded-decor-crossbody-bag,-steampunk-motorcycle-bag-for-outdoor-travel-sport",,,,,,,,,,,,,,,,,,,,,,,,,https://img.kwcdn.com/product/Fancyalgo/VirtualModelMatting/527501c964c76855728c3ca265ef4bc7.jpg,8,,,,,,,,,,,,,,,,,,,,,,,,,,
"gothic-style-waist-bag,-skull-&-studded-decor-crossbody-bag,-steampunk-motorcycle-bag-for-outdoor-travel-sport",,,,,,,,,,,,,,,,,,,,,,,,,https://img.kwcdn.com/product/Fancyalgo/VirtualModelMatting/09932d0b55b91fec81b80db1123e4c3d.jpg,9,,,,,,,,,,,,,,,,,,,,,,,,,,
