Handle,Title,Body (HTML),Vendor,Product Category,Type,Tags,Published,Option1 Name,Option1 Value,Option2 Name,Option2 Value,Option3 Name,Option3 Value,Variant SKU,Variant Grams,Variant Inventory Tracker,Variant Inventory Qty,Variant Inventory Policy,Variant Fulfillment Service,Variant Price,Variant Compare At Price,Variant Requires Shipping,Variant Taxable,Variant Barcode,Image Src,Image Position,Image Alt Text,Gift Card,SEO Title,SEO Description,Google Shopping / Google Product Category,Google Shopping / Gender,Google Shopping / Age Group,Google Shopping / MPN,Google Shopping / AdWords Grouping,Google Shopping / AdWords Labels,Google Shopping / Condition,Google Shopping / Custom Product,Google Shopping / Custom Label 0,Google Shopping / Custom Label 1,Google Shopping / Custom Label 2,Google Shopping / Custom Label 3,Google Shopping / Custom Label 4,Variant Image,Variant Weight Unit,Variant Tax Code,Cost per item,Included / United States,Included / International,Price / International,Compare At Price / International,Status
"niche-punk-skull-pattern-coffin-bag,-chain-decor-dark-style-crossbody-chain-bag,-halloween-sense-purse","Niche Punk Skull Pattern Coffin Bag, Chain Decor Dark Style Crossbody Chain Bag, Halloween Sense Purse","Shipping Standard: free on all orders Delivery: Dec 24-Jan 4 ,  74,9% are ≤ 11 days Get a 5,00€ credit for late delivery Courier company:  DHL Paket , etc. Express:  6,99€ or  4,99€ (orders ≥ 49€) Delivery: Dec 22-30 ,  73,0% are ≤ 9 days Get a 7,00€/5,00€ credit for late delivery Courier company:  DHL , UPS , etc.<br>Free returns Price adjustment<br>Sustainability at Temu (3M+ trees)<br>",My Store,,,,true,Material,Color: ,,,,,,0.0,,0,deny,manual,,,true,false,,,,,false,,,,,,,,,,,,,,,,,lb,,,true,true,,,active
"niche-punk-skull-pattern-coffin-bag,-chain-decor-dark-style-crossbody-chain-bag,-halloween-sense-purse","Niche Punk Skull Pattern Coffin Bag, Chain Decor Dark Style Crossbody Chain Bag, Halloween Sense Purse","Shipping Standard: free on all orders Delivery: Dec 24-Jan 4 ,  74,9% are ≤ 11 days Get a 5,00€ credit for late delivery Courier company:  DHL Paket , etc. Express:  6,99€ or  4,99€ (orders ≥ 49€) Delivery: Dec 22-30 ,  73,0% are ≤ 9 days Get a 7,00€/5,00€ credit for late delivery Courier company:  DHL , UPS , etc.<br>Free returns Price adjustment<br>Sustainability at Temu (3M+ trees)<br>",My Store,,,,true,,,,,,,,0.0,,0,deny,manual,,,true,false,,,,,false,,,,,,,,,,,,,,,,,lb,,,true,true,,,active
"niche-punk-skull-pattern-coffin-bag,-chain-decor-dark-style-crossbody-chain-bag,-halloween-sense-purse",,,,,,,,,,,,,,,,,,,,,,,,,https://img.kwcdn.com/product/Fancyalgo/VirtualModelMatting/4ae187e5a351b43e80c8468958d5f6ea.jpg,1,,,,,,,,,,,,,,,,,,,,,,,,,,
"niche-punk-skull-pattern-coffin-bag,-chain-decor-dark-style-crossbody-chain-bag,-halloween-sense-purse",,,,,,,,,,,,,,,,,,,,,,,,,https://img.kwcdn.com/product/Fancyalgo/VirtualModelMatting/4ae101a16b512155ea602f1233d19531.jpg,2,,,,,,,,,,,,,,,,,,,,,,,,,,
"niche-punk-skull-pattern-coffin-bag,-chain-decor-dark-style-crossbody-chain-bag,-halloween-sense-purse",,,,,,,,,,,,,,,,,,,,,,,,,https://img.kwcdn.com/product/Fancyalgo/VirtualModelMatting/39f2c0933e3f2fb4e74459765fcef0ab.jpg,3,,,,,,,,,,,,,,,,,,,,,,,,,,
"niche-punk-skull-pattern-coffin-bag,-chain-decor-dark-style-crossbody-chain-bag,-halloween-sense-purse",,,,,,,,,,,,,,,,,,,,,,,,,https://img.kwcdn.com/product/Fancyalgo/VirtualModelMatting/bc23c1ec2aee862c0e4afe7cb8b0198d.jpg,4,,,,,,,,,,,,,,,,,,,,,,,,,,
"niche-punk-skull-pattern-coffin-bag,-chain-decor-dark-style-crossbody-chain-bag,-halloween-sense-purse",,,,,,,,,,,,,,,,,,,,,,,,,https://img.kwcdn.com/product/Fancyalgo/VirtualModelMatting/b193b69b08d1b876cdb2e678ce755e71.jpg,5,,,,,,,,,,,,,,,,,,,,,,,,,,
"niche-punk-skull-pattern-coffin-bag,-chain-decor-dark-style-crossbody-chain-bag,-halloween-sense-purse",,,,,,,,,,,,,,,,,,,,,,,,,https://img.kwcdn.com/product/Fancyalgo/VirtualModelMatting/99e98073365164d51a979bf0a55229ad.jpg,6,,,,,,,,,,,,,,,,,,,,,,,,,,
"niche-punk-skull-pattern-coffin-bag,-chain-decor-dark-style-crossbody-chain-bag,-halloween-sense-purse",,,,,,,,,,,,,,,,,,,,,,,,,https://img.kwcdn.com/product/Fancyalgo/VirtualModelMatting/34441738b9e449e21a40bb50ab79698c.jpg,7,,,,,,,,,,,,,,,,,,,,,,,,,,
"niche-punk-skull-pattern-coffin-bag,-chain-decor-dark-style-crossbody-chain-bag,-halloween-sense-purse",,,,,,,,,,,,,,,,,,,,,,,,,https://img.kwcdn.com/product/Fancyalgo/VirtualModelMatting/205ee28bc42a5695da474bfb554473ef.jpg,8,,,,,,,,,,,,,,,,,,,,,,,,,,
"niche-punk-skull-pattern-coffin-bag,-chain-decor-dark-style-crossbody-chain-bag,-halloween-sense-purse",,,,,,,,,,,,,,,,,,,,,,,,,https://img.kwcdn.com/product/Fancyalgo/VirtualModelMatting/4ae187e5a351b43e80c8468958d5f6ea.jpg,9,,,,,,,,,,,,,,,,,,,,,,,,,,
