Handle,Title,Body (HTML),Vendor,Product Category,Type,Tags,Published,Option1 Name,Option1 Value,Option2 Name,Option2 Value,Option3 Name,Option3 Value,Variant SKU,Variant Grams,Variant Inventory Tracker,Variant Inventory Qty,Variant Inventory Policy,Variant Fulfillment Service,Variant Price,Variant Compare At Price,Variant Requires Shipping,Variant Taxable,Variant Barcode,Image Src,Image Position,Image Alt Text,Gift Card,SEO Title,SEO Description,Google Shopping / Google Product Category,Google Shopping / Gender,Google Shopping / Age Group,Google Shopping / MPN,Google Shopping / AdWords Grouping,Google Shopping / AdWords Labels,Google Shopping / Condition,Google Shopping / Custom Product,Google Shopping / Custom Label 0,Google Shopping / Custom Label 1,Google Shopping / Custom Label 2,Google Shopping / Custom Label 3,Google Shopping / Custom Label 4,Variant Image,Variant Weight Unit,Variant Tax Code,Cost per item,Included / United States,Included / International,Price / International,Compare At Price / International,Status
"mini-gothic-coffin-shaped-bag,-dark-crossbody-bag,-women's-fashion-handbag,-shoulder-bag-&-purse","Mini Gothic Coffin Shaped Bag, Dark Crossbody Bag, Women's Fashion Handbag, Shoulder Bag & Purse","Free shipping on all orders Delivery:  Dec 28-Jan 16 Get a 10,00лв. credit for late delivery Courier company:  M&BM Express , speedy , Express One<br>Free returns Price adjustment<br>Sustainability at Temu (3M+ trees)<br>",My Store,,,,true,Color,,,,,,,0.0,,0,deny,manual,,,true,false,,,,,false,,,,,,,,,,,,,,,,,lb,,,true,true,,,active
"mini-gothic-coffin-shaped-bag,-dark-crossbody-bag,-women's-fashion-handbag,-shoulder-bag-&-purse",,,,,,,,,,,,,,,,,,,,,,,,,https://img.kwcdn.com/product/Fancyalgo/VirtualModelMatting/12232861c4c1ae8b28b94998e72c4cef.jpg,1,,,,,,,,,,,,,,,,,,,,,,,,,,
"mini-gothic-coffin-shaped-bag,-dark-crossbody-bag,-women's-fashion-handbag,-shoulder-bag-&-purse",,,,,,,,,,,,,,,,,,,,,,,,,https://img.kwcdn.com/product/Fancyalgo/VirtualModelMatting/4bf55379facbacff77ef36f1e5b97401.jpg,2,,,,,,,,,,,,,,,,,,,,,,,,,,
"mini-gothic-coffin-shaped-bag,-dark-crossbody-bag,-women's-fashion-handbag,-shoulder-bag-&-purse",,,,,,,,,,,,,,,,,,,,,,,,,https://img.kwcdn.com/product/Fancyalgo/VirtualModelMatting/897114deed3e9bb68ebe213c3aa97942.jpg,3,,,,,,,,,,,,,,,,,,,,,,,,,,
"mini-gothic-coffin-shaped-bag,-dark-crossbody-bag,-women's-fashion-handbag,-shoulder-bag-&-purse",,,,,,,,,,,,,,,,,,,,,,,,,https://img.kwcdn.com/product/Fancyalgo/VirtualModelMatting/117434ee6c93325238c1d1a7c7cbb3a1.jpg,4,,,,,,,,,,,,,,,,,,,,,,,,,,
"mini-gothic-coffin-shaped-bag,-dark-crossbody-bag,-women's-fashion-handbag,-shoulder-bag-&-purse",,,,,,,,,,,,,,,,,,,,,,,,,https://img.kwcdn.com/product/Fancyalgo/VirtualModelMatting/461c87936f7c4382f182c5f815947acb.jpg,5,,,,,,,,,,,,,,,,,,,,,,,,,,
"mini-gothic-coffin-shaped-bag,-dark-crossbody-bag,-women's-fashion-handbag,-shoulder-bag-&-purse",,,,,,,,,,,,,,,,,,,,,,,,,https://img.kwcdn.com/product/Fancyalgo/VirtualModelMatting/e724d80ff32381a9dbca5082d63eaed3.jpg,6,,,,,,,,,,,,,,,,,,,,,,,,,,
"mini-gothic-coffin-shaped-bag,-dark-crossbody-bag,-women's-fashion-handbag,-shoulder-bag-&-purse",,,,,,,,,,,,,,,,,,,,,,,,,https://img.kwcdn.com/product/Fancyalgo/VirtualModelMatting/214a95f3e02a61c7c18082f83421ea86.jpg,7,,,,,,,,,,,,,,,,,,,,,,,,,,
"mini-gothic-coffin-shaped-bag,-dark-crossbody-bag,-women's-fashion-handbag,-shoulder-bag-&-purse",,,,,,,,,,,,,,,,,,,,,,,,,https://img.kwcdn.com/product/Fancyalgo/VirtualModelMatting/18507955bbe34d9c656e4d6cf5108fdb.jpg,8,,,,,,,,,,,,,,,,,,,,,,,,,,
"mini-gothic-coffin-shaped-bag,-dark-crossbody-bag,-women's-fashion-handbag,-shoulder-bag-&-purse",,,,,,,,,,,,,,,,,,,,,,,,,https://img.kwcdn.com/product/Fancyalgo/VirtualModelMatting/0c31433bdc76a661d230187cffdd2140.jpg,9,,,,,,,,,,,,,,,,,,,,,,,,,,
"mini-gothic-coffin-shaped-bag,-dark-crossbody-bag,-women's-fashion-handbag,-shoulder-bag-&-purse",,,,,,,,,,,,,,,,,,,,,,,,,https://img.kwcdn.com/product/Fancyalgo/VirtualModelMatting/18507955bbe34d9c656e4d6cf5108fdb.jpg,10,,,,,,,,,,,,,,,,,,,,,,,,,,
"mini-gothic-coffin-shaped-bag,-dark-crossbody-bag,-women's-fashion-handbag,-shoulder-bag-&-purse",,,,,,,,,,,,,,,,,,,,,,,,,https://img.kwcdn.com/product/Fancyalgo/VirtualModelMatting/4bf55379facbacff77ef36f1e5b97401.jpg,11,,,,,,,,,,,,,,,,,,,,,,,,,,
"mini-gothic-coffin-shaped-bag,-dark-crossbody-bag,-women's-fashion-handbag,-shoulder-bag-&-purse",,,,,,,,,,,,,,,,,,,,,,,,,https://img.kwcdn.com/product/Fancyalgo/VirtualModelMatting/214a95f3e02a61c7c18082f83421ea86.jpg,12,,,,,,,,,,,,,,,,,,,,,,,,,,
"mini-gothic-coffin-shaped-bag,-dark-crossbody-bag,-women's-fashion-handbag,-shoulder-bag-&-purse",,,,,,,,,,,,,,,,,,,,,,,,,https://img.kwcdn.com/product/Fancyalgo/VirtualModelMatting/0c31433bdc76a661d230187cffdd2140.jpg,13,,,,,,,,,,,,,,,,,,,,,,,,,,
"y2k-star-denim-underarm-bag,-vintage-gothic-shoulder-bag,-women's-grunge-punk-handbag-&-purse","Y2K Star Denim Underarm Bag, Vintage Gothic Shoulder Bag, Women's Grunge Punk Handbag & Purse","Free shipping on all orders Delivery:  Dec 28-Jan 16 Get a 10,00лв. credit for late delivery Courier company:  M&BM Express , speedy , Express One<br>Free returns Price adjustment<br>Sustainability at Temu (3M+ trees)<br>",My Store,,,,true,Color,Denim Black,,,,,,0.0,,0,deny,manual,,,true,false,,,,,false,,,,,,,,,,,,,,,,,lb,,,true,true,,,active
"y2k-star-denim-underarm-bag,-vintage-gothic-shoulder-bag,-women's-grunge-punk-handbag-&-purse",,,,,,,,,,,,,,,,,,,,,,,,,https://img.kwcdn.com/product/Fancyalgo/VirtualModelMatting/44964e8ce8189452724df5f5922e812c.jpg,1,,,,,,,,,,,,,,,,,,,,,,,,,,
"y2k-star-denim-underarm-bag,-vintage-gothic-shoulder-bag,-women's-grunge-punk-handbag-&-purse",,,,,,,,,,,,,,,,,,,,,,,,,https://img.kwcdn.com/product/Fancyalgo/VirtualModelMatting/66843b762b3ea6998b62069ae177f6a7.jpg,2,,,,,,,,,,,,,,,,,,,,,,,,,,
"y2k-star-denim-underarm-bag,-vintage-gothic-shoulder-bag,-women's-grunge-punk-handbag-&-purse",,,,,,,,,,,,,,,,,,,,,,,,,https://img.kwcdn.com/product/Fancyalgo/VirtualModelMatting/8378a8cf125b01d15d84be1fda2a1b64.jpg,3,,,,,,,,,,,,,,,,,,,,,,,,,,
"y2k-star-denim-underarm-bag,-vintage-gothic-shoulder-bag,-women's-grunge-punk-handbag-&-purse",,,,,,,,,,,,,,,,,,,,,,,,,https://img.kwcdn.com/product/Fancyalgo/VirtualModelMatting/b093f1a7d286a05615c39291fdfbc9fa.jpg,4,,,,,,,,,,,,,,,,,,,,,,,,,,
"y2k-star-denim-underarm-bag,-vintage-gothic-shoulder-bag,-women's-grunge-punk-handbag-&-purse",,,,,,,,,,,,,,,,,,,,,,,,,https://img.kwcdn.com/product/Fancyalgo/VirtualModelMatting/8f3e41bbe07f61d185ac56285223273d.jpg,5,,,,,,,,,,,,,,,,,,,,,,,,,,
"y2k-star-denim-underarm-bag,-vintage-gothic-shoulder-bag,-women's-grunge-punk-handbag-&-purse",,,,,,,,,,,,,,,,,,,,,,,,,https://img.kwcdn.com/product/Fancyalgo/VirtualModelMatting/65fe578bab2e19bca8e1647a43a52d8a.jpg,6,,,,,,,,,,,,,,,,,,,,,,,,,,
"y2k-star-denim-underarm-bag,-vintage-gothic-shoulder-bag,-women's-grunge-punk-handbag-&-purse",,,,,,,,,,,,,,,,,,,,,,,,,https://img.kwcdn.com/product/Fancyalgo/VirtualModelMatting/76facf977d9b82d393d3ddb55411ba7c.jpg,7,,,,,,,,,,,,,,,,,,,,,,,,,,
"y2k-star-denim-underarm-bag,-vintage-gothic-shoulder-bag,-women's-grunge-punk-handbag-&-purse",,,,,,,,,,,,,,,,,,,,,,,,,https://img.kwcdn.com/product/Fancyalgo/VirtualModelMatting/021d7176cd273fbe9145a22ac0d9bc2f.jpg,8,,,,,,,,,,,,,,,,,,,,,,,,,,
"y2k-star-denim-underarm-bag,-vintage-gothic-shoulder-bag,-women's-grunge-punk-handbag-&-purse",,,,,,,,,,,,,,,,,,,,,,,,,https://img.kwcdn.com/product/1eed511458/51242cf0-aee2-40e8-9c77-89a203654cd8_800x800.jpeg,9,,,,,,,,,,,,,,,,,,,,,,,,,,
"vintage-basgiath-war-tote-bag,-i-am-the-sky-shoulder-bag,-dragon-rider-pattern-canvas-shopping-bag","Vintage Basgiath War Tote Bag, I Am The Sky Shoulder Bag, Dragon Rider Pattern Canvas Shopping Bag","Free shipping on all orders Delivery:  Dec 28-Jan 16 Get a 10,00лв. credit for late delivery Courier company:  M&BM Express , speedy , Express One<br>Free returns Price adjustment<br>Sustainability at Temu (3M+ trees)<br>",My Store,,,,true,Color,,,,,,,0.0,,0,deny,manual,,,true,false,,,,,false,,,,,,,,,,,,,,,,,lb,,,true,true,,,active
"vintage-basgiath-war-tote-bag,-i-am-the-sky-shoulder-bag,-dragon-rider-pattern-canvas-shopping-bag",,,,,,,,,,,,,,,,,,,,,,,,,https://img.kwcdn.com/product/Fancyalgo/VirtualModelMatting/fa639345e6dd5ee2bc60f22c3ef95ae6.jpg,1,,,,,,,,,,,,,,,,,,,,,,,,,,
"vintage-basgiath-war-tote-bag,-i-am-the-sky-shoulder-bag,-dragon-rider-pattern-canvas-shopping-bag",,,,,,,,,,,,,,,,,,,,,,,,,https://img.kwcdn.com/product/Fancyalgo/VirtualModelMatting/9bd08603d52a4a8ed72b5de2c197fc58.jpg,2,,,,,,,,,,,,,,,,,,,,,,,,,,
"vintage-basgiath-war-tote-bag,-i-am-the-sky-shoulder-bag,-dragon-rider-pattern-canvas-shopping-bag",,,,,,,,,,,,,,,,,,,,,,,,,https://img.kwcdn.com/product/Fancyalgo/VirtualModelMatting/69d7216c93d2998e30d7fea16fb6f54f.jpg,3,,,,,,,,,,,,,,,,,,,,,,,,,,
"vintage-basgiath-war-tote-bag,-i-am-the-sky-shoulder-bag,-dragon-rider-pattern-canvas-shopping-bag",,,,,,,,,,,,,,,,,,,,,,,,,https://img.kwcdn.com/product/Fancyalgo/VirtualModelMatting/339c9d0993557694b9211e02d8c2c242.jpg,4,,,,,,,,,,,,,,,,,,,,,,,,,,
"vintage-basgiath-war-tote-bag,-i-am-the-sky-shoulder-bag,-dragon-rider-pattern-canvas-shopping-bag",,,,,,,,,,,,,,,,,,,,,,,,,https://img.kwcdn.com/product/Fancyalgo/VirtualModelMatting/ed6d762e6233d52bc6c8f99e5a12be98.jpg,5,,,,,,,,,,,,,,,,,,,,,,,,,,
"vintage-basgiath-war-tote-bag,-i-am-the-sky-shoulder-bag,-dragon-rider-pattern-canvas-shopping-bag",,,,,,,,,,,,,,,,,,,,,,,,,https://img.kwcdn.com/product/Fancyalgo/VirtualModelMatting/1a25a08c26708d37ccc6b97b0f65e51a.jpg,6,,,,,,,,,,,,,,,,,,,,,,,,,,
"vintage-basgiath-war-tote-bag,-i-am-the-sky-shoulder-bag,-dragon-rider-pattern-canvas-shopping-bag",,,,,,,,,,,,,,,,,,,,,,,,,https://img.kwcdn.com/product/1e78ea2412/295a7782-8322-46b3-83e3-17dacf71c5e9_800x800.jpeg,7,,,,,,,,,,,,,,,,,,,,,,,,,,
"vintage-basgiath-war-tote-bag,-i-am-the-sky-shoulder-bag,-dragon-rider-pattern-canvas-shopping-bag",,,,,,,,,,,,,,,,,,,,,,,,,https://img.kwcdn.com/product/1e78ea2412/daf5f005-20f8-4553-b11e-f0e3516decb8_800x800.jpeg,8,,,,,,,,,,,,,,,,,,,,,,,,,,
"gothic-punk-style-crossbody-bag,-y2k-coffin-shaped-shoulder-bag,-halloween-themed-party-purse-for-horror-night","Gothic Punk Style Crossbody Bag, Y2K Coffin Shaped Shoulder Bag, Halloween Themed Party Purse For Horror Night","Free shipping on all orders Delivery:  Dec 28-Jan 16 Get a 10,00лв. credit for late delivery Courier company:  M&BM Express , speedy , Express One<br>Free returns Price adjustment<br>Sustainability at Temu (3M+ trees)<br>",My Store,,,,true,Color,Black,,,,,,0.0,,0,deny,manual,,,true,false,,,,,false,,,,,,,,,,,,,,,,,lb,,,true,true,,,active
"gothic-punk-style-crossbody-bag,-y2k-coffin-shaped-shoulder-bag,-halloween-themed-party-purse-for-horror-night",,,,,,,,,,,,,,,,,,,,,,,,,https://img.kwcdn.com/product/Fancyalgo/VirtualModelMatting/34fa5a6e528a57a8629c30632e01fe2b.jpg,1,,,,,,,,,,,,,,,,,,,,,,,,,,
"gothic-punk-style-crossbody-bag,-y2k-coffin-shaped-shoulder-bag,-halloween-themed-party-purse-for-horror-night",,,,,,,,,,,,,,,,,,,,,,,,,https://img.kwcdn.com/product/Fancyalgo/VirtualModelMatting/ba88de4171e484b3db874b6b29e8484e.jpg,2,,,,,,,,,,,,,,,,,,,,,,,,,,
"gothic-punk-style-crossbody-bag,-y2k-coffin-shaped-shoulder-bag,-halloween-themed-party-purse-for-horror-night",,,,,,,,,,,,,,,,,,,,,,,,,https://img.kwcdn.com/product/Fancyalgo/VirtualModelMatting/db8bb3128854d0f48a1d7ed6c143781f.jpg,3,,,,,,,,,,,,,,,,,,,,,,,,,,
"gothic-punk-style-crossbody-bag,-y2k-coffin-shaped-shoulder-bag,-halloween-themed-party-purse-for-horror-night",,,,,,,,,,,,,,,,,,,,,,,,,https://img.kwcdn.com/product/Fancyalgo/VirtualModelMatting/44cefedd9698a0b26350d80f365ed76a.jpg,4,,,,,,,,,,,,,,,,,,,,,,,,,,
"gothic-punk-style-crossbody-bag,-y2k-coffin-shaped-shoulder-bag,-halloween-themed-party-purse-for-horror-night",,,,,,,,,,,,,,,,,,,,,,,,,https://img.kwcdn.com/product/Fancyalgo/VirtualModelMatting/02e9fbef0c4ac3b668e20dbbfcc73772.jpg,5,,,,,,,,,,,,,,,,,,,,,,,,,,
"gothic-punk-style-crossbody-bag,-y2k-coffin-shaped-shoulder-bag,-halloween-themed-party-purse-for-horror-night",,,,,,,,,,,,,,,,,,,,,,,,,https://img.kwcdn.com/product/Fancyalgo/VirtualModelMatting/00bf33dee4f2b5b053792db5bf92951b.jpg,6,,,,,,,,,,,,,,,,,,,,,,,,,,
"gothic-punk-style-crossbody-bag,-y2k-coffin-shaped-shoulder-bag,-halloween-themed-party-purse-for-horror-night",,,,,,,,,,,,,,,,,,,,,,,,,https://img.kwcdn.com/product/1e78ea1d6d/c1539b78-4fad-4b14-aa0f-7fe3ade5ae37_800x800.jpeg,7,,,,,,,,,,,,,,,,,,,,,,,,,,
"funky-punk-coffin-style-steampunk-gothic-style-bag,-solid-color-lightweight-portable-bag","Funky Punk Coffin Style Steampunk Gothic Style Bag, Solid Color Lightweight Portable Bag","Free shipping on all orders Delivery:  Dec 28-Jan 16 Get a 10,00лв. credit for late delivery Courier company:  M&BM Express , speedy , Express One<br>Free returns Price adjustment<br>Sustainability at Temu (3M+ trees)<br>",My Store,,,,true,Color,,,,,,,0.0,,0,deny,manual,,,true,false,,,,,false,,,,,,,,,,,,,,,,,lb,,,true,true,,,active
"funky-punk-coffin-style-steampunk-gothic-style-bag,-solid-color-lightweight-portable-bag",,,,,,,,,,,,,,,,,,,,,,,,,https://img.kwcdn.com/product/Fancyalgo/VirtualModelMatting/d1b5e8f32d883d3707da406215cbd5cf.jpg,1,,,,,,,,,,,,,,,,,,,,,,,,,,
"funky-punk-coffin-style-steampunk-gothic-style-bag,-solid-color-lightweight-portable-bag",,,,,,,,,,,,,,,,,,,,,,,,,https://img.kwcdn.com/product/Fancyalgo/VirtualModelMatting/3c0f8e3dfb1d436a040aeac4059fb025.jpg,2,,,,,,,,,,,,,,,,,,,,,,,,,,
"funky-punk-coffin-style-steampunk-gothic-style-bag,-solid-color-lightweight-portable-bag",,,,,,,,,,,,,,,,,,,,,,,,,https://img.kwcdn.com/product/Fancyalgo/VirtualModelMatting/cd3b78ad3eff86feed7d228b4bf12a2b.jpg,3,,,,,,,,,,,,,,,,,,,,,,,,,,
"funky-punk-coffin-style-steampunk-gothic-style-bag,-solid-color-lightweight-portable-bag",,,,,,,,,,,,,,,,,,,,,,,,,https://img.kwcdn.com/product/Fancyalgo/VirtualModelMatting/ff7bfe3f38dfbe2b64dbc267e2f12241.jpg,4,,,,,,,,,,,,,,,,,,,,,,,,,,
"funky-punk-coffin-style-steampunk-gothic-style-bag,-solid-color-lightweight-portable-bag",,,,,,,,,,,,,,,,,,,,,,,,,https://img.kwcdn.com/product/Fancyalgo/VirtualModelMatting/2086125e50babc257c35d40159d6d303.jpg,5,,,,,,,,,,,,,,,,,,,,,,,,,,
"funky-punk-coffin-style-steampunk-gothic-style-bag,-solid-color-lightweight-portable-bag",,,,,,,,,,,,,,,,,,,,,,,,,https://img.kwcdn.com/product/Fancyalgo/VirtualModelMatting/ac1c664394af24d373e0f2804beb2cfd.jpg,6,,,,,,,,,,,,,,,,,,,,,,,,,,
"funky-punk-coffin-style-steampunk-gothic-style-bag,-solid-color-lightweight-portable-bag",,,,,,,,,,,,,,,,,,,,,,,,,https://img.kwcdn.com/product/Fancyalgo/VirtualModelMatting/4fffc6b8e13068b679863e511f728c71.jpg,7,,,,,,,,,,,,,,,,,,,,,,,,,,
"funky-punk-coffin-style-steampunk-gothic-style-bag,-solid-color-lightweight-portable-bag",,,,,,,,,,,,,,,,,,,,,,,,,https://img.kwcdn.com/product/Fancyalgo/VirtualModelMatting/f03f3f6c3f7e86882fd1f4196c38a55a.jpg,8,,,,,,,,,,,,,,,,,,,,,,,,,,
"funky-punk-coffin-style-steampunk-gothic-style-bag,-solid-color-lightweight-portable-bag",,,,,,,,,,,,,,,,,,,,,,,,,https://img.kwcdn.com/product/Fancyalgo/VirtualModelMatting/fe1617dff30a4242e94d453e86ce61f9.jpg,9,,,,,,,,,,,,,,,,,,,,,,,,,,
"funky-punk-coffin-style-steampunk-gothic-style-bag,-solid-color-lightweight-portable-bag",,,,,,,,,,,,,,,,,,,,,,,,,https://img.kwcdn.com/product/Fancyalgo/VirtualModelMatting/77facbcc70b5c63e56e4fd8eb6455fad.jpg,10,,,,,,,,,,,,,,,,,,,,,,,,,,
"funky-punk-coffin-style-steampunk-gothic-style-bag,-solid-color-lightweight-portable-bag",,,,,,,,,,,,,,,,,,,,,,,,,https://img.kwcdn.com/product/Fancyalgo/VirtualModelMatting/ed101ecf5d2d43ca7d6ec9d91cf32e94.jpg,11,,,,,,,,,,,,,,,,,,,,,,,,,,
"funky-punk-coffin-style-steampunk-gothic-style-bag,-solid-color-lightweight-portable-bag",,,,,,,,,,,,,,,,,,,,,,,,,https://img.kwcdn.com/product/Fancyalgo/VirtualModelMatting/265caa86f407267aaa2423cc408f92e2.jpg,12,,,,,,,,,,,,,,,,,,,,,,,,,,
"funky-punk-coffin-style-steampunk-gothic-style-bag,-solid-color-lightweight-portable-bag",,,,,,,,,,,,,,,,,,,,,,,,,https://img.kwcdn.com/product/Fancyalgo/VirtualModelMatting/a344f2889da543600e884823d20e2999.jpg,13,,,,,,,,,,,,,,,,,,,,,,,,,,
"ghost-halloween-crossbody-bag,-funny-skull-shape-shoulder-bag,-trendy-horror-night-elf-phone-purse","Ghost Halloween Crossbody Bag, Funny Skull Shape Shoulder Bag, Trendy Horror Night Elf Phone Purse","Free shipping on all orders Delivery:  Dec 28-Jan 16 Get a 10,00лв. credit for late delivery Courier company:  M&BM Express , speedy , Express One<br>Free returns Price adjustment<br>Sustainability at Temu (3M+ trees)<br>",My Store,,,,true,Color,,,,,,,0.0,,0,deny,manual,,,true,false,,,,,false,,,,,,,,,,,,,,,,,lb,,,true,true,,,active
"ghost-halloween-crossbody-bag,-funny-skull-shape-shoulder-bag,-trendy-horror-night-elf-phone-purse",,,,,,,,,,,,,,,,,,,,,,,,,https://img.kwcdn.com/product/Fancyalgo/VirtualModelMatting/918225c1c86d97d1ff42288ac8e6c787.jpg,1,,,,,,,,,,,,,,,,,,,,,,,,,,
"ghost-halloween-crossbody-bag,-funny-skull-shape-shoulder-bag,-trendy-horror-night-elf-phone-purse",,,,,,,,,,,,,,,,,,,,,,,,,https://img.kwcdn.com/product/Fancyalgo/VirtualModelMatting/cb72af2cdc627e57f31dc441eb6c26c5.jpg,2,,,,,,,,,,,,,,,,,,,,,,,,,,
"ghost-halloween-crossbody-bag,-funny-skull-shape-shoulder-bag,-trendy-horror-night-elf-phone-purse",,,,,,,,,,,,,,,,,,,,,,,,,https://img.kwcdn.com/product/Fancyalgo/VirtualModelMatting/48d2fcbeda2b67a2ff046bdb9f2a1e6d.jpg,3,,,,,,,,,,,,,,,,,,,,,,,,,,
"ghost-halloween-crossbody-bag,-funny-skull-shape-shoulder-bag,-trendy-horror-night-elf-phone-purse",,,,,,,,,,,,,,,,,,,,,,,,,https://img.kwcdn.com/product/fancyalgo/toaster-api/toaster-processor-image-cm2in/7cf2e36e-0ec7-11ee-8c03-0a580a69716d.jpg,4,,,,,,,,,,,,,,,,,,,,,,,,,,
"ghost-halloween-crossbody-bag,-funny-skull-shape-shoulder-bag,-trendy-horror-night-elf-phone-purse",,,,,,,,,,,,,,,,,,,,,,,,,https://img.kwcdn.com/product/Fancyalgo/VirtualModelMatting/dbdbec1f32be7274d85d731eccbf308f.jpg,5,,,,,,,,,,,,,,,,,,,,,,,,,,
"ghost-halloween-crossbody-bag,-funny-skull-shape-shoulder-bag,-trendy-horror-night-elf-phone-purse",,,,,,,,,,,,,,,,,,,,,,,,,https://img.kwcdn.com/product/Fancyalgo/VirtualModelMatting/87522b5565856a18126f188ba64a57cf.jpg,6,,,,,,,,,,,,,,,,,,,,,,,,,,
"ghost-halloween-crossbody-bag,-funny-skull-shape-shoulder-bag,-trendy-horror-night-elf-phone-purse",,,,,,,,,,,,,,,,,,,,,,,,,https://img.kwcdn.com/product/Fancyalgo/VirtualModelMatting/d210088bcfcc9c8b6bb9f7ec6e46bf9a.jpg,7,,,,,,,,,,,,,,,,,,,,,,,,,,
"ghost-halloween-crossbody-bag,-funny-skull-shape-shoulder-bag,-trendy-horror-night-elf-phone-purse",,,,,,,,,,,,,,,,,,,,,,,,,https://img.kwcdn.com/product/Fancyalgo/VirtualModelMatting/54d8b7e3243640f0019e692d98134e87.jpg,8,,,,,,,,,,,,,,,,,,,,,,,,,,
"ghost-halloween-crossbody-bag,-funny-skull-shape-shoulder-bag,-trendy-horror-night-elf-phone-purse",,,,,,,,,,,,,,,,,,,,,,,,,https://img.kwcdn.com/product/Fancyalgo/VirtualModelMatting/55a6a931aee45a9cec02defae67db7aa.jpg,9,,,,,,,,,,,,,,,,,,,,,,,,,,
"ghost-halloween-crossbody-bag,-funny-skull-shape-shoulder-bag,-trendy-horror-night-elf-phone-purse",,,,,,,,,,,,,,,,,,,,,,,,,https://img.kwcdn.com/product/Fancyalgo/VirtualModelMatting/f8695a66b396c95a3af4d1f82b51c6d5.jpg,10,,,,,,,,,,,,,,,,,,,,,,,,,,
"ghost-halloween-crossbody-bag,-funny-skull-shape-shoulder-bag,-trendy-horror-night-elf-phone-purse",,,,,,,,,,,,,,,,,,,,,,,,,https://img.kwcdn.com/product/1e23314fea/2a22e673-7f65-4f84-9ab1-2fa02a5e11be_800x800.jpeg,11,,,,,,,,,,,,,,,,,,,,,,,,,,
"ghost-halloween-crossbody-bag,-funny-skull-shape-shoulder-bag,-trendy-horror-night-elf-phone-purse",,,,,,,,,,,,,,,,,,,,,,,,,https://img.kwcdn.com/product/Fancyalgo/VirtualModelMatting/f8695a66b396c95a3af4d1f82b51c6d5.jpg,12,,,,,,,,,,,,,,,,,,,,,,,,,,
"ghost-halloween-crossbody-bag,-funny-skull-shape-shoulder-bag,-trendy-horror-night-elf-phone-purse",,,,,,,,,,,,,,,,,,,,,,,,,https://img.kwcdn.com/product/1e23314fea/230adb43-2d0d-4b44-ae2a-415dc979e2f0_800x800.jpeg,13,,,,,,,,,,,,,,,,,,,,,,,,,,
"ghost-halloween-crossbody-bag,-funny-skull-shape-shoulder-bag,-trendy-horror-night-elf-phone-purse",,,,,,,,,,,,,,,,,,,,,,,,,https://img.kwcdn.com/product/Fancyalgo/VirtualModelMatting/55a6a931aee45a9cec02defae67db7aa.jpg,14,,,,,,,,,,,,,,,,,,,,,,,,,,
"mini-gothic-coffin-shaped-novelty-bag,-horror-punk-crossbody-bag,-women's-y2k-trendy-handbag-&-shoulder-purse-for-halloween-(13.0cmx22.0cmx8.99cm)","Mini Gothic Coffin Shaped Novelty Bag, Horror Punk Crossbody Bag, Women's Y2K Trendy Handbag & Shoulder Purse For Halloween (13.0cmx22.0cmx8.99cm)","Free shipping on all orders Delivery:  Dec 28-Jan 16 Get a 10,00лв. credit for late delivery Courier company:  M&BM Express , speedy , Express One<br>Free returns Price adjustment<br>Sustainability at Temu (3M+ trees)<br>",My Store,,,,true,Color,,,,,,,0.0,,0,deny,manual,,,true,false,,,,,false,,,,,,,,,,,,,,,,,lb,,,true,true,,,active
"mini-gothic-coffin-shaped-novelty-bag,-horror-punk-crossbody-bag,-women's-y2k-trendy-handbag-&-shoulder-purse-for-halloween-(13.0cmx22.0cmx8.99cm)",,,,,,,,,,,,,,,,,,,,,,,,,https://img.kwcdn.com/product/Fancyalgo/VirtualModelMatting/34ddcaede21b0f44f5b200b2dad7d898.jpg,1,,,,,,,,,,,,,,,,,,,,,,,,,,
"mini-gothic-coffin-shaped-novelty-bag,-horror-punk-crossbody-bag,-women's-y2k-trendy-handbag-&-shoulder-purse-for-halloween-(13.0cmx22.0cmx8.99cm)",,,,,,,,,,,,,,,,,,,,,,,,,https://img.kwcdn.com/product/Fancyalgo/VirtualModelMatting/f1b86adbe8ebf87c518ebb4a19db8bfc.jpg,2,,,,,,,,,,,,,,,,,,,,,,,,,,
"mini-gothic-coffin-shaped-novelty-bag,-horror-punk-crossbody-bag,-women's-y2k-trendy-handbag-&-shoulder-purse-for-halloween-(13.0cmx22.0cmx8.99cm)",,,,,,,,,,,,,,,,,,,,,,,,,https://img.kwcdn.com/product/Fancyalgo/VirtualModelMatting/dcc3f1f949f3c2ce45ef62f0eb022649.jpg,3,,,,,,,,,,,,,,,,,,,,,,,,,,
"mini-gothic-coffin-shaped-novelty-bag,-horror-punk-crossbody-bag,-women's-y2k-trendy-handbag-&-shoulder-purse-for-halloween-(13.0cmx22.0cmx8.99cm)",,,,,,,,,,,,,,,,,,,,,,,,,https://img.kwcdn.com/product/Fancyalgo/VirtualModelMatting/1d8065e1d4a4d8a0033a1a4b1714258c.jpg,4,,,,,,,,,,,,,,,,,,,,,,,,,,
"mini-gothic-coffin-shaped-novelty-bag,-horror-punk-crossbody-bag,-women's-y2k-trendy-handbag-&-shoulder-purse-for-halloween-(13.0cmx22.0cmx8.99cm)",,,,,,,,,,,,,,,,,,,,,,,,,https://img.kwcdn.com/product/Fancyalgo/VirtualModelMatting/65ab9e32c600fe8a90bf80b934343ded.jpg,5,,,,,,,,,,,,,,,,,,,,,,,,,,
"mini-gothic-coffin-shaped-novelty-bag,-horror-punk-crossbody-bag,-women's-y2k-trendy-handbag-&-shoulder-purse-for-halloween-(13.0cmx22.0cmx8.99cm)",,,,,,,,,,,,,,,,,,,,,,,,,https://img.kwcdn.com/product/Fancyalgo/VirtualModelMatting/a9128a72f2b30bd620c89495387e07ee.jpg,6,,,,,,,,,,,,,,,,,,,,,,,,,,
"mini-gothic-coffin-shaped-novelty-bag,-horror-punk-crossbody-bag,-women's-y2k-trendy-handbag-&-shoulder-purse-for-halloween-(13.0cmx22.0cmx8.99cm)",,,,,,,,,,,,,,,,,,,,,,,,,https://img.kwcdn.com/product/Fancyalgo/VirtualModelMatting/afe4d373199fb4e562d8af12549bb2dd.jpg,7,,,,,,,,,,,,,,,,,,,,,,,,,,
"mini-gothic-coffin-shaped-novelty-bag,-horror-punk-crossbody-bag,-women's-y2k-trendy-handbag-&-shoulder-purse-for-halloween-(13.0cmx22.0cmx8.99cm)",,,,,,,,,,,,,,,,,,,,,,,,,https://img.kwcdn.com/product/Fancyalgo/VirtualModelMatting/7f72dbb758b93ff26b2a3c68e335be74.jpg,8,,,,,,,,,,,,,,,,,,,,,,,,,,
"mini-gothic-coffin-shaped-novelty-bag,-horror-punk-crossbody-bag,-women's-y2k-trendy-handbag-&-shoulder-purse-for-halloween-(13.0cmx22.0cmx8.99cm)",,,,,,,,,,,,,,,,,,,,,,,,,https://img.kwcdn.com/product/Fancyalgo/VirtualModelMatting/3fa4bf819e124b1383895e1dffb8969b.jpg,9,,,,,,,,,,,,,,,,,,,,,,,,,,
"mini-gothic-coffin-shaped-novelty-bag,-horror-punk-crossbody-bag,-women's-y2k-trendy-handbag-&-shoulder-purse-for-halloween-(13.0cmx22.0cmx8.99cm)",,,,,,,,,,,,,,,,,,,,,,,,,https://img.kwcdn.com/product/Fancyalgo/VirtualModelMatting/60802abd70fc3d367c2577ef68f3431f.jpg,10,,,,,,,,,,,,,,,,,,,,,,,,,,
"mini-gothic-coffin-shaped-novelty-bag,-horror-punk-crossbody-bag,-women's-y2k-trendy-handbag-&-shoulder-purse-for-halloween-(13.0cmx22.0cmx8.99cm)",,,,,,,,,,,,,,,,,,,,,,,,,https://img.kwcdn.com/product/1e78ea4f6b/01168cf2-d810-4567-8d6b-a641881c77ca_1000x1000.jpeg,11,,,,,,,,,,,,,,,,,,,,,,,,,,
"mini-gothic-coffin-shaped-novelty-bag,-horror-punk-crossbody-bag,-women's-y2k-trendy-handbag-&-shoulder-purse-for-halloween-(13.0cmx22.0cmx8.99cm)",,,,,,,,,,,,,,,,,,,,,,,,,https://img.kwcdn.com/product/1e78ea4f6b/756e8a40-7604-4348-b4e0-390ba0dcc523_1000x1000.jpeg,12,,,,,,,,,,,,,,,,,,,,,,,,,,
"halloween-gothic-coffin-mini-crossbody-bag,-crucifix-flap-shoulder-bag,-perfect-halloween-sling-bag","Halloween Gothic Coffin Mini Crossbody Bag, Crucifix Flap Shoulder Bag, Perfect Halloween Sling Bag","<iframe src=""https://goods-vod.kwcdn.com/goods-video/509db6f3b3d0dbf94a4ddec8d43d73f7c8baaeb5.f30.mp4"" width=""640"" height=""360"" frameborder=""0"" allowfullscreen></iframe><br><br>Free shipping on all orders Delivery:  Dec 28-Jan 16 Get a 10,00лв. credit for late delivery Courier company:  M&BM Express , speedy , Express One<br>Free returns Price adjustment<br>Sustainability at Temu (3M+ trees)<br>",My Store,,,,true,Color,,,,,,,0.0,,0,deny,manual,,,true,false,,,,,false,,,,,,,,,,,,,,,,,lb,,,true,true,,,active
"halloween-gothic-coffin-mini-crossbody-bag,-crucifix-flap-shoulder-bag,-perfect-halloween-sling-bag",,,,,,,,,,,,,,,,,,,,,,,,,https://img.kwcdn.com/product/Fancyalgo/VirtualModelMatting/07dcc4ba826b4756985f1499f5700cdc.jpg,1,,,,,,,,,,,,,,,,,,,,,,,,,,
"halloween-gothic-coffin-mini-crossbody-bag,-crucifix-flap-shoulder-bag,-perfect-halloween-sling-bag",,,,,,,,,,,,,,,,,,,,,,,,,https://img.kwcdn.com/product/Fancyalgo/VirtualModelMatting/0b5f8ce8399d2f7d71a537a3932e0c11.jpg,2,,,,,,,,,,,,,,,,,,,,,,,,,,
"halloween-gothic-coffin-mini-crossbody-bag,-crucifix-flap-shoulder-bag,-perfect-halloween-sling-bag",,,,,,,,,,,,,,,,,,,,,,,,,https://img.kwcdn.com/product/Fancyalgo/VirtualModelMatting/8c2298a3b71e6f162a09ccc15944782e.jpg,3,,,,,,,,,,,,,,,,,,,,,,,,,,
"halloween-gothic-coffin-mini-crossbody-bag,-crucifix-flap-shoulder-bag,-perfect-halloween-sling-bag",,,,,,,,,,,,,,,,,,,,,,,,,https://img.kwcdn.com/product/Fancyalgo/VirtualModelMatting/d6824c595b39510115bcfdf70a0026ba.jpg,4,,,,,,,,,,,,,,,,,,,,,,,,,,
"halloween-gothic-coffin-mini-crossbody-bag,-crucifix-flap-shoulder-bag,-perfect-halloween-sling-bag",,,,,,,,,,,,,,,,,,,,,,,,,https://img.kwcdn.com/product/Fancyalgo/VirtualModelMatting/305087b8377183f992482301fcd0350f.jpg,5,,,,,,,,,,,,,,,,,,,,,,,,,,
"halloween-gothic-coffin-mini-crossbody-bag,-crucifix-flap-shoulder-bag,-perfect-halloween-sling-bag",,,,,,,,,,,,,,,,,,,,,,,,,https://img.kwcdn.com/product/Fancyalgo/VirtualModelMatting/81a2499ccb0b0938f9cd9e769dad29ff.jpg,6,,,,,,,,,,,,,,,,,,,,,,,,,,
"halloween-gothic-coffin-mini-crossbody-bag,-crucifix-flap-shoulder-bag,-perfect-halloween-sling-bag",,,,,,,,,,,,,,,,,,,,,,,,,https://img.kwcdn.com/product/Fancyalgo/VirtualModelMatting/8ed3b28da16ba5aa6eb33cf9d3f6aa9d.jpg,7,,,,,,,,,,,,,,,,,,,,,,,,,,
"halloween-gothic-coffin-mini-crossbody-bag,-crucifix-flap-shoulder-bag,-perfect-halloween-sling-bag",,,,,,,,,,,,,,,,,,,,,,,,,https://img.kwcdn.com/product/Fancyalgo/VirtualModelMatting/4e523bcb5a82e85521f2213e98434400.jpg,8,,,,,,,,,,,,,,,,,,,,,,,,,,
"halloween-gothic-coffin-mini-crossbody-bag,-crucifix-flap-shoulder-bag,-perfect-halloween-sling-bag",,,,,,,,,,,,,,,,,,,,,,,,,https://img.kwcdn.com/product/Fancyalgo/VirtualModelMatting/e80e945e3ddb0cb9af331d620ed16c4f.jpg,9,,,,,,,,,,,,,,,,,,,,,,,,,,
"halloween-gothic-coffin-mini-crossbody-bag,-crucifix-flap-shoulder-bag,-perfect-halloween-sling-bag",,,,,,,,,,,,,,,,,,,,,,,,,https://img.kwcdn.com/product/Fancyalgo/VirtualModelMatting/d4b0dcc2e1cfde9e0dbcdb5a3be5872d.jpg,10,,,,,,,,,,,,,,,,,,,,,,,,,,
"halloween-gothic-coffin-mini-crossbody-bag,-crucifix-flap-shoulder-bag,-perfect-halloween-sling-bag",,,,,,,,,,,,,,,,,,,,,,,,,https://img.kwcdn.com/product/Fancyalgo/VirtualModelMatting/07dcc4ba826b4756985f1499f5700cdc.jpg,11,,,,,,,,,,,,,,,,,,,,,,,,,,
"halloween-gothic-coffin-mini-crossbody-bag,-crucifix-flap-shoulder-bag,-perfect-halloween-sling-bag",,,,,,,,,,,,,,,,,,,,,,,,,https://img.kwcdn.com/product/Fancyalgo/VirtualModelMatting/4e523bcb5a82e85521f2213e98434400.jpg,12,,,,,,,,,,,,,,,,,,,,,,,,,,
"halloween-gothic-coffin-mini-crossbody-bag,-crucifix-flap-shoulder-bag,-perfect-halloween-sling-bag",,,,,,,,,,,,,,,,,,,,,,,,,https://img.kwcdn.com/product/Fancyalgo/VirtualModelMatting/e80e945e3ddb0cb9af331d620ed16c4f.jpg,13,,,,,,,,,,,,,,,,,,,,,,,,,,
"halloween-gothic-coffin-mini-crossbody-bag,-crucifix-flap-shoulder-bag,-perfect-halloween-sling-bag",,,,,,,,,,,,,,,,,,,,,,,,,https://img.kwcdn.com/product/Fancyalgo/VirtualModelMatting/d4b0dcc2e1cfde9e0dbcdb5a3be5872d.jpg,14,,,,,,,,,,,,,,,,,,,,,,,,,,
1pc-cool-funny-ghost-skull--pattern-design-crossbody-bag-new-trndey-student-commuter-single-shoulder-bag-mobile-phone-card-holder,1pc Cool Funny Ghost Skull  Pattern Design Crossbody Bag New Trndey Student Commuter Single Shoulder Bag Mobile Phone Card Holder,"<iframe src=""https://goods-vod.kwcdn.com/goods-video/324f7b373e3ed03aeb5ef5123431176ff7fda0e9.f30.mp4"" width=""640"" height=""360"" frameborder=""0"" allowfullscreen></iframe><br><br>Free shipping on all orders Delivery:  Dec 28-Jan 16 Get a 10,00лв. credit for late delivery Courier company:  M&BM Express , speedy , Express One<br>Free returns Price adjustment<br>Sustainability at Temu (3M+ trees)<br>",My Store,,,,true,Color,,,,,,,0.0,,0,deny,manual,,,true,false,,,,,false,,,,,,,,,,,,,,,,,lb,,,true,true,,,active
1pc-cool-funny-ghost-skull--pattern-design-crossbody-bag-new-trndey-student-commuter-single-shoulder-bag-mobile-phone-card-holder,,,,,,,,,,,,,,,,,,,,,,,,,https://img.kwcdn.com/product/Fancyalgo/VirtualModelMatting/d0e1fc6102ffccfef4491299269716b5.jpg,1,,,,,,,,,,,,,,,,,,,,,,,,,,
1pc-cool-funny-ghost-skull--pattern-design-crossbody-bag-new-trndey-student-commuter-single-shoulder-bag-mobile-phone-card-holder,,,,,,,,,,,,,,,,,,,,,,,,,https://img.kwcdn.com/product/fancyalgo/toaster-api/toaster-processor-image-cm2in/6df5d338-1b17-11ee-b225-0a580a698dd1.jpg,2,,,,,,,,,,,,,,,,,,,,,,,,,,
1pc-cool-funny-ghost-skull--pattern-design-crossbody-bag-new-trndey-student-commuter-single-shoulder-bag-mobile-phone-card-holder,,,,,,,,,,,,,,,,,,,,,,,,,https://img.kwcdn.com/product/Fancyalgo/VirtualModelMatting/d082f6e9e624c8822577a25d79de4585.jpg,3,,,,,,,,,,,,,,,,,,,,,,,,,,
1pc-cool-funny-ghost-skull--pattern-design-crossbody-bag-new-trndey-student-commuter-single-shoulder-bag-mobile-phone-card-holder,,,,,,,,,,,,,,,,,,,,,,,,,https://img.kwcdn.com/product/Fancyalgo/VirtualModelMatting/afd0465224bc93b3cb1d0bf8da0ae8bd.jpg,4,,,,,,,,,,,,,,,,,,,,,,,,,,
1pc-cool-funny-ghost-skull--pattern-design-crossbody-bag-new-trndey-student-commuter-single-shoulder-bag-mobile-phone-card-holder,,,,,,,,,,,,,,,,,,,,,,,,,https://img.kwcdn.com/product/Fancyalgo/VirtualModelMatting/f9aae5a2dedd013cba47d4f7a11fb510.jpg,5,,,,,,,,,,,,,,,,,,,,,,,,,,
1pc-cool-funny-ghost-skull--pattern-design-crossbody-bag-new-trndey-student-commuter-single-shoulder-bag-mobile-phone-card-holder,,,,,,,,,,,,,,,,,,,,,,,,,https://img.kwcdn.com/product/Fancyalgo/VirtualModelMatting/b39a8cf2648a174edf26db77e3803fdb.jpg,6,,,,,,,,,,,,,,,,,,,,,,,,,,
1pc-cool-funny-ghost-skull--pattern-design-crossbody-bag-new-trndey-student-commuter-single-shoulder-bag-mobile-phone-card-holder,,,,,,,,,,,,,,,,,,,,,,,,,https://img.kwcdn.com/product/Fancyalgo/VirtualModelMatting/dd799622191f7513d32a31943ac7e463.jpg,7,,,,,,,,,,,,,,,,,,,,,,,,,,
1pc-cool-funny-ghost-skull--pattern-design-crossbody-bag-new-trndey-student-commuter-single-shoulder-bag-mobile-phone-card-holder,,,,,,,,,,,,,,,,,,,,,,,,,https://img.kwcdn.com/product/Fancyalgo/VirtualModelMatting/0072af401ea87150e544e4b50023ed14.jpg,8,,,,,,,,,,,,,,,,,,,,,,,,,,
1pc-cool-funny-ghost-skull--pattern-design-crossbody-bag-new-trndey-student-commuter-single-shoulder-bag-mobile-phone-card-holder,,,,,,,,,,,,,,,,,,,,,,,,,https://img.kwcdn.com/product/Fancyalgo/VirtualModelMatting/563da9c237dad78004b6993c00376094.jpg,9,,,,,,,,,,,,,,,,,,,,,,,,,,
1pc-cool-funny-ghost-skull--pattern-design-crossbody-bag-new-trndey-student-commuter-single-shoulder-bag-mobile-phone-card-holder,,,,,,,,,,,,,,,,,,,,,,,,,https://img.kwcdn.com/product/Fancyalgo/VirtualModelMatting/5d027c3233278ff399e850f23830265c.jpg,10,,,,,,,,,,,,,,,,,,,,,,,,,,
1pc-cool-funny-ghost-skull--pattern-design-crossbody-bag-new-trndey-student-commuter-single-shoulder-bag-mobile-phone-card-holder,,,,,,,,,,,,,,,,,,,,,,,,,https://img.kwcdn.com/product/merge_img_gen/f7d7ede5-46cc-4d21-b2ec-f41c6730fd3b.png,11,,,,,,,,,,,,,,,,,,,,,,,,,,
"niche-black-cat-crossbody-bag,-halloween-sense-chest-bag,-novelty-pu-leather-gift-fancy-pack","Niche Black Cat Crossbody Bag, Halloween Sense Chest Bag, Novelty PU Leather Gift Fancy Pack","Free shipping on all orders Delivery:  Dec 28-Jan 16 Get a 10,00лв. credit for late delivery Courier company:  M&BM Express , speedy , Express One<br>Free returns Price adjustment<br>Sustainability at Temu (3M+ trees)<br>",My Store,,,,true,Color,Gray,,,,,,0.0,,0,deny,manual,,,true,false,,,,,false,,,,,,,,,,,,,,,,,lb,,,true,true,,,active
"niche-black-cat-crossbody-bag,-halloween-sense-chest-bag,-novelty-pu-leather-gift-fancy-pack",,,,,,,,,,,,,,,,,,,,,,,,,https://img.kwcdn.com/product/Fancyalgo/VirtualModelMatting/975fa1297689304dce0e2dc4bd801b57.jpg,1,,,,,,,,,,,,,,,,,,,,,,,,,,
"niche-black-cat-crossbody-bag,-halloween-sense-chest-bag,-novelty-pu-leather-gift-fancy-pack",,,,,,,,,,,,,,,,,,,,,,,,,https://img.kwcdn.com/product/Fancyalgo/VirtualModelMatting/ea978a39da2d84051aecc6ced8f78428.jpg,2,,,,,,,,,,,,,,,,,,,,,,,,,,
"niche-black-cat-crossbody-bag,-halloween-sense-chest-bag,-novelty-pu-leather-gift-fancy-pack",,,,,,,,,,,,,,,,,,,,,,,,,https://img.kwcdn.com/product/Fancyalgo/VirtualModelMatting/b9f63147a1843ad3e2158c4e7b98cae5.jpg,3,,,,,,,,,,,,,,,,,,,,,,,,,,
"niche-black-cat-crossbody-bag,-halloween-sense-chest-bag,-novelty-pu-leather-gift-fancy-pack",,,,,,,,,,,,,,,,,,,,,,,,,https://img.kwcdn.com/product/Fancyalgo/VirtualModelMatting/2cfa5aacc331489c9f6ace7924fa2c56.jpg,4,,,,,,,,,,,,,,,,,,,,,,,,,,
"niche-black-cat-crossbody-bag,-halloween-sense-chest-bag,-novelty-pu-leather-gift-fancy-pack",,,,,,,,,,,,,,,,,,,,,,,,,https://img.kwcdn.com/product/Fancyalgo/VirtualModelMatting/87fcc7bfb77e838d20f6d89cefd2bb12.jpg,5,,,,,,,,,,,,,,,,,,,,,,,,,,
"niche-black-cat-crossbody-bag,-halloween-sense-chest-bag,-novelty-pu-leather-gift-fancy-pack",,,,,,,,,,,,,,,,,,,,,,,,,https://img.kwcdn.com/product/Fancyalgo/VirtualModelMatting/4799473d339c43995d15cf041d64543d.jpg,6,,,,,,,,,,,,,,,,,,,,,,,,,,
"niche-black-cat-crossbody-bag,-halloween-sense-chest-bag,-novelty-pu-leather-gift-fancy-pack",,,,,,,,,,,,,,,,,,,,,,,,,https://img.kwcdn.com/product/Fancyalgo/VirtualModelMatting/1423dae3dd084b3b04f17dd461906945.jpg,7,,,,,,,,,,,,,,,,,,,,,,,,,,
"niche-black-cat-crossbody-bag,-halloween-sense-chest-bag,-novelty-pu-leather-gift-fancy-pack",,,,,,,,,,,,,,,,,,,,,,,,,https://img.kwcdn.com/product/Fancyalgo/VirtualModelMatting/d43157080ca9985ab368a3f20286ea7c.jpg,8,,,,,,,,,,,,,,,,,,,,,,,,,,
"niche-black-cat-crossbody-bag,-halloween-sense-chest-bag,-novelty-pu-leather-gift-fancy-pack",,,,,,,,,,,,,,,,,,,,,,,,,https://img.kwcdn.com/product/Fancyalgo/VirtualModelMatting/b9f63147a1843ad3e2158c4e7b98cae5.jpg,9,,,,,,,,,,,,,,,,,,,,,,,,,,
"niche-black-cat-crossbody-bag,-halloween-sense-chest-bag,-novelty-pu-leather-gift-fancy-pack",,,,,,,,,,,,,,,,,,,,,,,,,https://img.kwcdn.com/product/Fancyalgo/VirtualModelMatting/e538a8af491b8375384dac2dfa395a8e.jpg,10,,,,,,,,,,,,,,,,,,,,,,,,,,
"niche-black-cat-crossbody-bag,-halloween-sense-chest-bag,-novelty-pu-leather-gift-fancy-pack",,,,,,,,,,,,,,,,,,,,,,,,,https://img.kwcdn.com/product/Fancyalgo/VirtualModelMatting/51c71b6f79d18b312eacb8bd4a49b253.jpg,11,,,,,,,,,,,,,,,,,,,,,,,,,,
"niche-black-cat-crossbody-bag,-halloween-sense-chest-bag,-novelty-pu-leather-gift-fancy-pack",,,,,,,,,,,,,,,,,,,,,,,,,https://img.kwcdn.com/product/Fancyalgo/VirtualModelMatting/4f8e99ec302c2d00bdf3b84bf34c332d.jpg,12,,,,,,,,,,,,,,,,,,,,,,,,,,
