Handle,Title,Body (HTML),Vendor,Product Category,Type,Tags,Published,Option1 Name,Option1 Value,Option2 Name,Option2 Value,Option3 Name,Option3 Value,Variant SKU,Variant Grams,Variant Inventory Tracker,Variant Inventory Qty,Variant Inventory Policy,Variant Fulfillment Service,Variant Price,Variant Compare At Price,Variant Requires Shipping,Variant Taxable,Variant Barcode,Image Src,Image Position,Image Alt Text,Gift Card,SEO Title,SEO Description,Google Shopping / Google Product Category,Google Shopping / Gender,Google Shopping / Age Group,Google Shopping / MPN,Google Shopping / AdWords Grouping,Google Shopping / AdWords Labels,Google Shopping / Condition,Google Shopping / Custom Product,Google Shopping / Custom Label 0,Google Shopping / Custom Label 1,Google Shopping / Custom Label 2,Google Shopping / Custom Label 3,Google Shopping / Custom Label 4,Variant Image,Variant Weight Unit,Variant Tax Code,Cost per item,Included / United States,Included / International,Price / International,Compare At Price / International,Status
"vielseitige-und-trendige-langarm-fleece-polojacke-für-herren-mit-ethnischem-stammes-azteken-print,-geeignet-für-outdoor-sportarten-im-herbst-und-winter","Vielseitige Und Trendige Langarm-Fleece-Polojacke Für Herren Mit Ethnischem Stammes-Azteken-Print, Geeignet Für Outdoor-Sportarten Im Herbst Und Winter",Material: Polyester<br>Details: Keiner<br>Gemustert: Drucken<br>Schier: Nein<br>Stoff: Nicht dehnbar<br>Kragen-Stil: Revers<br>Typ: Andere<br>Pflegehinweise: Maschinenwäsche oder professionelle chemische Reinigung<br>Passformtyp: Lose<br>Komposition: 100% Polyester<br>Webmethode: Strickstoff<br>Artikel-ID: YR27335<br>,My Store,,,,true,Farbe,Größe(CH): ,,,,,,0.0,,0,deny,manual,8.63,24.69,true,false,,https://img.kwcdn.com/product/Fancyalgo/VirtualModelMatting/9336f6a06417f9bb8ac7ac657b51197a.jpg,1,,false,,,,,,,,,,,,,,,,https://img.kwcdn.com/product/Fancyalgo/VirtualModelMatting/9336f6a06417f9bb8ac7ac657b51197a.jpg,lb,,,true,true,,,active
"vielseitige-und-trendige-langarm-fleece-polojacke-für-herren-mit-ethnischem-stammes-azteken-print,-geeignet-für-outdoor-sportarten-im-herbst-und-winter","Vielseitige Und Trendige Langarm-Fleece-Polojacke Für Herren Mit Ethnischem Stammes-Azteken-Print, Geeignet Für Outdoor-Sportarten Im Herbst Und Winter",Material: Polyester<br>Details: Keiner<br>Gemustert: Drucken<br>Schier: Nein<br>Stoff: Nicht dehnbar<br>Kragen-Stil: Revers<br>Typ: Andere<br>Pflegehinweise: Maschinenwäsche oder professionelle chemische Reinigung<br>Passformtyp: Lose<br>Komposition: 100% Polyester<br>Webmethode: Strickstoff<br>Artikel-ID: YR27335<br>,My Store,,,,true,,S(46)M(48)L(50)XL(52)XXL(54),,,,,,0.0,,0,deny,manual,8.63,24.69,true,false,,https://img.kwcdn.com/product/Fancyalgo/VirtualModelMatting/9c22eea5078151eb3b644949e9c23e23.jpg,2,,false,,,,,,,,,,,,,,,,https://img.kwcdn.com/product/Fancyalgo/VirtualModelMatting/9c22eea5078151eb3b644949e9c23e23.jpg,lb,,,true,true,,,active
"vielseitige-und-trendige-langarm-fleece-polojacke-für-herren-mit-ethnischem-stammes-azteken-print,-geeignet-für-outdoor-sportarten-im-herbst-und-winter",,,,,,,,,,,,,,,,,,,,,,,,,https://img.kwcdn.com/product/Fancyalgo/VirtualModelMatting/7556deaa49f02056f0f0c964add42509.jpg,3,,,,,,,,,,,,,,,,,,,,,,,,,,
"vielseitige-und-trendige-langarm-fleece-polojacke-für-herren-mit-ethnischem-stammes-azteken-print,-geeignet-für-outdoor-sportarten-im-herbst-und-winter",,,,,,,,,,,,,,,,,,,,,,,,,https://img.kwcdn.com/product/Fancyalgo/VirtualModelMatting/fbef752428dda2e5d4ec02a778eec1cd.jpg,4,,,,,,,,,,,,,,,,,,,,,,,,,,
"vielseitige-und-trendige-langarm-fleece-polojacke-für-herren-mit-ethnischem-stammes-azteken-print,-geeignet-für-outdoor-sportarten-im-herbst-und-winter",,,,,,,,,,,,,,,,,,,,,,,,,https://img.kwcdn.com/product/Fancyalgo/VirtualModelMatting/fc5cf6067e96df60afee30e0056e0ddc.jpg,5,,,,,,,,,,,,,,,,,,,,,,,,,,
