Handle,Title,Body (HTML),Vendor,Product Category,Type,Tags,Published,Option1 Name,Option1 Value,Option2 Name,Option2 Value,Option3 Name,Option3 Value,Variant SKU,Variant Grams,Variant Inventory Tracker,Variant Inventory Qty,Variant Inventory Policy,Variant Fulfillment Service,Variant Price,Variant Compare At Price,Variant Requires Shipping,Variant Taxable,Variant Barcode,Image Src,Image Position,Image Alt Text,Gift Card,SEO Title,SEO Description,Google Shopping / Google Product Category,Google Shopping / Gender,Google Shopping / Age Group,Google Shopping / MPN,Google Shopping / AdWords Grouping,Google Shopping / AdWords Labels,Google Shopping / Condition,Google Shopping / Custom Product,Google Shopping / Custom Label 0,Google Shopping / Custom Label 1,Google Shopping / Custom Label 2,Google Shopping / Custom Label 3,Google Shopping / Custom Label 4,Variant Image,Variant Weight Unit,Variant Tax Code,Cost per item,Included / United States,Included / International,Price / International,Compare At Price / International,Status
"1pc-europe-gothic-street-punk-motorcycle-bag,-trend-funny-jacket-bag,-fashion-riveted-fanny-pack-chain-bag","1pc Europe Gothic Street Punk Motorcycle Bag, Trend Funny Jacket Bag, Fashion Riveted Fanny Pack Chain Bag","Free shipping on all orders Delivery: Dec 24-Jan 4 ,  74,9% are ≤ 11 days Get a 5,00€ credit for late delivery Courier company:  DHL Paket , Hermes , DPD , etc.<br>Free returns Price adjustment<br>Sustainability at Temu (3M+ trees)<br>",My Store,,,,true,Color,Black,,,,,,0.0,,0,deny,manual,,,true,false,,,,,false,,,,,,,,,,,,,,,,,lb,,,true,true,,,active
"1pc-europe-gothic-street-punk-motorcycle-bag,-trend-funny-jacket-bag,-fashion-riveted-fanny-pack-chain-bag",,,,,,,,,,,,,,,,,,,,,,,,,https://img.kwcdn.com/product/Fancyalgo/VirtualModelMatting/9ba87acd4ada76dc584b4a04e13db4b6.jpg,1,,,,,,,,,,,,,,,,,,,,,,,,,,
"1pc-europe-gothic-street-punk-motorcycle-bag,-trend-funny-jacket-bag,-fashion-riveted-fanny-pack-chain-bag",,,,,,,,,,,,,,,,,,,,,,,,,https://img.kwcdn.com/product/Fancyalgo/VirtualModelMatting/e054e987c28772a3aeb5612282a458c2.jpg,2,,,,,,,,,,,,,,,,,,,,,,,,,,
"1pc-europe-gothic-street-punk-motorcycle-bag,-trend-funny-jacket-bag,-fashion-riveted-fanny-pack-chain-bag",,,,,,,,,,,,,,,,,,,,,,,,,https://img.kwcdn.com/product/Fancyalgo/VirtualModelMatting/b4660afbbf0765fc7921b1a5d5df88d5.jpg,3,,,,,,,,,,,,,,,,,,,,,,,,,,
"1pc-europe-gothic-street-punk-motorcycle-bag,-trend-funny-jacket-bag,-fashion-riveted-fanny-pack-chain-bag",,,,,,,,,,,,,,,,,,,,,,,,,https://img.kwcdn.com/product/Fancyalgo/VirtualModelMatting/4d9497fbd52571b4ed04a5fdc868f0ef.jpg,4,,,,,,,,,,,,,,,,,,,,,,,,,,
"1pc-europe-gothic-street-punk-motorcycle-bag,-trend-funny-jacket-bag,-fashion-riveted-fanny-pack-chain-bag",,,,,,,,,,,,,,,,,,,,,,,,,https://img.kwcdn.com/product/Fancyalgo/VirtualModelMatting/fd44f2139748d7276d70e718dfc52f76.jpg,5,,,,,,,,,,,,,,,,,,,,,,,,,,
"1pc-europe-gothic-street-punk-motorcycle-bag,-trend-funny-jacket-bag,-fashion-riveted-fanny-pack-chain-bag",,,,,,,,,,,,,,,,,,,,,,,,,https://img.kwcdn.com/product/1eed5128b0/80defe10-72bb-4d50-9d83-c62f0a9c096f_1000x1000.jpeg,6,,,,,,,,,,,,,,,,,,,,,,,,,,
