Handle,Title,Body (HTML),Vendor,Product Category,Type,Tags,Published,Option1 Name,Option1 Value,Option2 Name,Option2 Value,Option3 Name,Option3 Value,Variant SKU,Variant Grams,Variant Inventory Tracker,Variant Inventory Qty,Variant Inventory Policy,Variant Fulfillment Service,Variant Price,Variant Compare At Price,Variant Requires Shipping,Variant Taxable,Variant Barcode,Image Src,Image Position,Image Alt Text,Gift Card,SEO Title,SEO Description,Google Shopping / Google Product Category,Google Shopping / Gender,Google Shopping / Age Group,Google Shopping / MPN,Google Shopping / AdWords Grouping,Google Shopping / AdWords Labels,Google Shopping / Condition,Google Shopping / Custom Product,Google Shopping / Custom Label 0,Google Shopping / Custom Label 1,Google Shopping / Custom Label 2,Google Shopping / Custom Label 3,Google Shopping / Custom Label 4,Variant Image,Variant Weight Unit,Variant Tax Code,Cost per item,Included / United States,Included / International,Price / International,Compare At Price / International,Status
"gothic-style-waist-bag,-skull-&-studded-decor-crossbody-bag,-steampunk-motorcycle-bag-for-outdoor-travel-sport","Gothic Style Waist Bag, Skull & Studded Decor Crossbody Bag, Steampunk Motorcycle Bag For Outdoor Travel Sport","<iframe src=""https://goods-vod.kwcdn.com/goods-video/57039467e591d7d8d554306540bada7b9aadf594.f30.mp4"" width=""640"" height=""360"" frameborder=""0"" allowfullscreen></iframe><br><br><br>Sold by BBS Bag. Ships from Temu.<br>",My Store,,,,true,Color,Black,,,,,,0.0,,0,deny,manual,,,true,false,,,,,false,,,,,,,,,,,,,,,,,lb,,,true,true,,,active
"gothic-style-waist-bag,-skull-&-studded-decor-crossbody-bag,-steampunk-motorcycle-bag-for-outdoor-travel-sport",,,,,,,,,,,,,,,,,,,,,,,,,https://img.kwcdn.com/product/Fancyalgo/VirtualModelMatting/09932d0b55b91fec81b80db1123e4c3d.jpg,1,,,,,,,,,,,,,,,,,,,,,,,,,,
"gothic-style-waist-bag,-skull-&-studded-decor-crossbody-bag,-steampunk-motorcycle-bag-for-outdoor-travel-sport",,,,,,,,,,,,,,,,,,,,,,,,,https://img.kwcdn.com/product/Fancyalgo/VirtualModelMatting/a4a7a470d2e6b01114dde6b581e826ff.jpg,2,,,,,,,,,,,,,,,,,,,,,,,,,,
"gothic-style-waist-bag,-skull-&-studded-decor-crossbody-bag,-steampunk-motorcycle-bag-for-outdoor-travel-sport",,,,,,,,,,,,,,,,,,,,,,,,,https://img.kwcdn.com/product/Fancyalgo/VirtualModelMatting/5b80f2456d4e939d2e9091be2959e634.jpg,3,,,,,,,,,,,,,,,,,,,,,,,,,,
"gothic-style-waist-bag,-skull-&-studded-decor-crossbody-bag,-steampunk-motorcycle-bag-for-outdoor-travel-sport",,,,,,,,,,,,,,,,,,,,,,,,,https://img.kwcdn.com/product/Fancyalgo/VirtualModelMatting/245b848520bcb6ee1b64c5acc69dcc9a.jpg,4,,,,,,,,,,,,,,,,,,,,,,,,,,
"gothic-style-waist-bag,-skull-&-studded-decor-crossbody-bag,-steampunk-motorcycle-bag-for-outdoor-travel-sport",,,,,,,,,,,,,,,,,,,,,,,,,https://img.kwcdn.com/product/Fancyalgo/VirtualModelMatting/7a10e00553b6bf224505ebb05a29a57f.jpg,5,,,,,,,,,,,,,,,,,,,,,,,,,,
"gothic-style-waist-bag,-skull-&-studded-decor-crossbody-bag,-steampunk-motorcycle-bag-for-outdoor-travel-sport",,,,,,,,,,,,,,,,,,,,,,,,,https://img.kwcdn.com/product/Fancyalgo/VirtualModelMatting/e620c83a0a083f3968212e09868014d7.jpg,6,,,,,,,,,,,,,,,,,,,,,,,,,,
"gothic-style-waist-bag,-skull-&-studded-decor-crossbody-bag,-steampunk-motorcycle-bag-for-outdoor-travel-sport",,,,,,,,,,,,,,,,,,,,,,,,,https://img.kwcdn.com/product/Fancyalgo/VirtualModelMatting/24bd91bfac16c10a0534f0610ea88d26.jpg,7,,,,,,,,,,,,,,,,,,,,,,,,,,
"gothic-style-waist-bag,-skull-&-studded-decor-crossbody-bag,-steampunk-motorcycle-bag-for-outdoor-travel-sport",,,,,,,,,,,,,,,,,,,,,,,,,https://img.kwcdn.com/product/Fancyalgo/VirtualModelMatting/527501c964c76855728c3ca265ef4bc7.jpg,8,,,,,,,,,,,,,,,,,,,,,,,,,,
"gothic-style-waist-bag,-skull-&-studded-decor-crossbody-bag,-steampunk-motorcycle-bag-for-outdoor-travel-sport",,,,,,,,,,,,,,,,,,,,,,,,,https://img.kwcdn.com/product/Fancyalgo/VirtualModelMatting/09932d0b55b91fec81b80db1123e4c3d.jpg,9,,,,,,,,,,,,,,,,,,,,,,,,,,
"halloween-gothic-coffin-mini-crossbody-bag,-crucifix-flap-shoulder-bag,-perfect-halloween-sling-bag","Halloween Gothic Coffin Mini Crossbody Bag, Crucifix Flap Shoulder Bag, Perfect Halloween Sling Bag","<iframe src=""https://goods-vod.kwcdn.com/goods-video/509db6f3b3d0dbf94a4ddec8d43d73f7c8baaeb5.f30.mp4"" width=""640"" height=""360"" frameborder=""0"" allowfullscreen></iframe><br><br><br>Sold by Doraemon Time. Ships from Temu.<br>",My Store,,,,true,Color,,,,,,,0.0,,0,deny,manual,,,true,false,,,,,false,,,,,,,,,,,,,,,,,lb,,,true,true,,,active
"halloween-gothic-coffin-mini-crossbody-bag,-crucifix-flap-shoulder-bag,-perfect-halloween-sling-bag",,,,,,,,,,,,,,,,,,,,,,,,,https://img.kwcdn.com/product/Fancyalgo/VirtualModelMatting/0b5f8ce8399d2f7d71a537a3932e0c11.jpg,1,,,,,,,,,,,,,,,,,,,,,,,,,,
"halloween-gothic-coffin-mini-crossbody-bag,-crucifix-flap-shoulder-bag,-perfect-halloween-sling-bag",,,,,,,,,,,,,,,,,,,,,,,,,https://img.kwcdn.com/product/Fancyalgo/VirtualModelMatting/8c2298a3b71e6f162a09ccc15944782e.jpg,2,,,,,,,,,,,,,,,,,,,,,,,,,,
"halloween-gothic-coffin-mini-crossbody-bag,-crucifix-flap-shoulder-bag,-perfect-halloween-sling-bag",,,,,,,,,,,,,,,,,,,,,,,,,https://img.kwcdn.com/product/Fancyalgo/VirtualModelMatting/d6824c595b39510115bcfdf70a0026ba.jpg,3,,,,,,,,,,,,,,,,,,,,,,,,,,
"halloween-gothic-coffin-mini-crossbody-bag,-crucifix-flap-shoulder-bag,-perfect-halloween-sling-bag",,,,,,,,,,,,,,,,,,,,,,,,,https://img.kwcdn.com/product/Fancyalgo/VirtualModelMatting/305087b8377183f992482301fcd0350f.jpg,4,,,,,,,,,,,,,,,,,,,,,,,,,,
"halloween-gothic-coffin-mini-crossbody-bag,-crucifix-flap-shoulder-bag,-perfect-halloween-sling-bag",,,,,,,,,,,,,,,,,,,,,,,,,https://img.kwcdn.com/product/Fancyalgo/VirtualModelMatting/81a2499ccb0b0938f9cd9e769dad29ff.jpg,5,,,,,,,,,,,,,,,,,,,,,,,,,,
"halloween-gothic-coffin-mini-crossbody-bag,-crucifix-flap-shoulder-bag,-perfect-halloween-sling-bag",,,,,,,,,,,,,,,,,,,,,,,,,https://img.kwcdn.com/product/Fancyalgo/VirtualModelMatting/8ed3b28da16ba5aa6eb33cf9d3f6aa9d.jpg,6,,,,,,,,,,,,,,,,,,,,,,,,,,
"halloween-gothic-coffin-mini-crossbody-bag,-crucifix-flap-shoulder-bag,-perfect-halloween-sling-bag",,,,,,,,,,,,,,,,,,,,,,,,,https://img.kwcdn.com/product/Fancyalgo/VirtualModelMatting/07dcc4ba826b4756985f1499f5700cdc.jpg,7,,,,,,,,,,,,,,,,,,,,,,,,,,
"halloween-gothic-coffin-mini-crossbody-bag,-crucifix-flap-shoulder-bag,-perfect-halloween-sling-bag",,,,,,,,,,,,,,,,,,,,,,,,,https://img.kwcdn.com/product/Fancyalgo/VirtualModelMatting/4e523bcb5a82e85521f2213e98434400.jpg,8,,,,,,,,,,,,,,,,,,,,,,,,,,
"halloween-gothic-coffin-mini-crossbody-bag,-crucifix-flap-shoulder-bag,-perfect-halloween-sling-bag",,,,,,,,,,,,,,,,,,,,,,,,,https://img.kwcdn.com/product/Fancyalgo/VirtualModelMatting/e80e945e3ddb0cb9af331d620ed16c4f.jpg,9,,,,,,,,,,,,,,,,,,,,,,,,,,
"halloween-gothic-coffin-mini-crossbody-bag,-crucifix-flap-shoulder-bag,-perfect-halloween-sling-bag",,,,,,,,,,,,,,,,,,,,,,,,,https://img.kwcdn.com/product/Fancyalgo/VirtualModelMatting/d4b0dcc2e1cfde9e0dbcdb5a3be5872d.jpg,10,,,,,,,,,,,,,,,,,,,,,,,,,,
"halloween-gothic-coffin-mini-crossbody-bag,-crucifix-flap-shoulder-bag,-perfect-halloween-sling-bag",,,,,,,,,,,,,,,,,,,,,,,,,https://img.kwcdn.com/product/Fancyalgo/VirtualModelMatting/07dcc4ba826b4756985f1499f5700cdc.jpg,11,,,,,,,,,,,,,,,,,,,,,,,,,,
"halloween-gothic-coffin-mini-crossbody-bag,-crucifix-flap-shoulder-bag,-perfect-halloween-sling-bag",,,,,,,,,,,,,,,,,,,,,,,,,https://img.kwcdn.com/product/Fancyalgo/VirtualModelMatting/4e523bcb5a82e85521f2213e98434400.jpg,12,,,,,,,,,,,,,,,,,,,,,,,,,,
"halloween-gothic-coffin-mini-crossbody-bag,-crucifix-flap-shoulder-bag,-perfect-halloween-sling-bag",,,,,,,,,,,,,,,,,,,,,,,,,https://img.kwcdn.com/product/Fancyalgo/VirtualModelMatting/e80e945e3ddb0cb9af331d620ed16c4f.jpg,13,,,,,,,,,,,,,,,,,,,,,,,,,,
"halloween-gothic-coffin-mini-crossbody-bag,-crucifix-flap-shoulder-bag,-perfect-halloween-sling-bag",,,,,,,,,,,,,,,,,,,,,,,,,https://img.kwcdn.com/product/Fancyalgo/VirtualModelMatting/d4b0dcc2e1cfde9e0dbcdb5a3be5872d.jpg,14,,,,,,,,,,,,,,,,,,,,,,,,,,
"gothic-punk-style-crossbody-bag,-y2k-coffin-shaped-shoulder-bag,-halloween-themed-party-purse-for-horror-night","Gothic Punk Style Crossbody Bag, Y2K Coffin Shaped Shoulder Bag, Halloween Themed Party Purse For Horror Night",<br>Sold by pistachioL. Ships from Temu.<br>,My Store,,,,true,Color,Black,,,,,,0.0,,0,deny,manual,,,true,false,,,,,false,,,,,,,,,,,,,,,,,lb,,,true,true,,,active
"gothic-punk-style-crossbody-bag,-y2k-coffin-shaped-shoulder-bag,-halloween-themed-party-purse-for-horror-night",,,,,,,,,,,,,,,,,,,,,,,,,https://img.kwcdn.com/product/Fancyalgo/VirtualModelMatting/34fa5a6e528a57a8629c30632e01fe2b.jpg,1,,,,,,,,,,,,,,,,,,,,,,,,,,
"gothic-punk-style-crossbody-bag,-y2k-coffin-shaped-shoulder-bag,-halloween-themed-party-purse-for-horror-night",,,,,,,,,,,,,,,,,,,,,,,,,https://img.kwcdn.com/product/Fancyalgo/VirtualModelMatting/ba88de4171e484b3db874b6b29e8484e.jpg,2,,,,,,,,,,,,,,,,,,,,,,,,,,
"gothic-punk-style-crossbody-bag,-y2k-coffin-shaped-shoulder-bag,-halloween-themed-party-purse-for-horror-night",,,,,,,,,,,,,,,,,,,,,,,,,https://img.kwcdn.com/product/Fancyalgo/VirtualModelMatting/db8bb3128854d0f48a1d7ed6c143781f.jpg,3,,,,,,,,,,,,,,,,,,,,,,,,,,
"gothic-punk-style-crossbody-bag,-y2k-coffin-shaped-shoulder-bag,-halloween-themed-party-purse-for-horror-night",,,,,,,,,,,,,,,,,,,,,,,,,https://img.kwcdn.com/product/Fancyalgo/VirtualModelMatting/44cefedd9698a0b26350d80f365ed76a.jpg,4,,,,,,,,,,,,,,,,,,,,,,,,,,
"gothic-punk-style-crossbody-bag,-y2k-coffin-shaped-shoulder-bag,-halloween-themed-party-purse-for-horror-night",,,,,,,,,,,,,,,,,,,,,,,,,https://img.kwcdn.com/product/Fancyalgo/VirtualModelMatting/02e9fbef0c4ac3b668e20dbbfcc73772.jpg,5,,,,,,,,,,,,,,,,,,,,,,,,,,
"gothic-punk-style-crossbody-bag,-y2k-coffin-shaped-shoulder-bag,-halloween-themed-party-purse-for-horror-night",,,,,,,,,,,,,,,,,,,,,,,,,https://img.kwcdn.com/product/Fancyalgo/VirtualModelMatting/00bf33dee4f2b5b053792db5bf92951b.jpg,6,,,,,,,,,,,,,,,,,,,,,,,,,,
"gothic-punk-style-crossbody-bag,-y2k-coffin-shaped-shoulder-bag,-halloween-themed-party-purse-for-horror-night",,,,,,,,,,,,,,,,,,,,,,,,,https://img.kwcdn.com/product/1e78ea1d6d/c1539b78-4fad-4b14-aa0f-7fe3ade5ae37_800x800.jpeg,7,,,,,,,,,,,,,,,,,,,,,,,,,,
"gothic-coffin-shaped-novelty-bag,-horror-dark-crossbody-bag,-women's-fashion-handbag-&-shoulder-purse-for-halloween","Gothic Coffin Shaped Novelty Bag, Horror Dark Crossbody Bag, Women's Fashion Handbag & Shoulder Purse For Halloween",<br>Sold by Once bags. Ships from Temu.<br>,My Store,,,,true,Color,,,,,,,0.0,,0,deny,manual,,,true,false,,,,,false,,,,,,,,,,,,,,,,,lb,,,true,true,,,active
"gothic-coffin-shaped-novelty-bag,-horror-dark-crossbody-bag,-women's-fashion-handbag-&-shoulder-purse-for-halloween",,,,,,,,,,,,,,,,,,,,,,,,,https://img.kwcdn.com/product/Fancyalgo/VirtualModelMatting/8be4a2ac84c250d46e21997235b60bb5.jpg,1,,,,,,,,,,,,,,,,,,,,,,,,,,
"gothic-coffin-shaped-novelty-bag,-horror-dark-crossbody-bag,-women's-fashion-handbag-&-shoulder-purse-for-halloween",,,,,,,,,,,,,,,,,,,,,,,,,https://img.kwcdn.com/product/Fancyalgo/VirtualModelMatting/d6647b487384edc0e41b10316efa66d0.jpg,2,,,,,,,,,,,,,,,,,,,,,,,,,,
"gothic-coffin-shaped-novelty-bag,-horror-dark-crossbody-bag,-women's-fashion-handbag-&-shoulder-purse-for-halloween",,,,,,,,,,,,,,,,,,,,,,,,,https://img.kwcdn.com/product/Fancyalgo/VirtualModelMatting/b82bb53f217381d23504e62e6f2f86af.jpg,3,,,,,,,,,,,,,,,,,,,,,,,,,,
"gothic-coffin-shaped-novelty-bag,-horror-dark-crossbody-bag,-women's-fashion-handbag-&-shoulder-purse-for-halloween",,,,,,,,,,,,,,,,,,,,,,,,,https://img.kwcdn.com/product/Fancyalgo/VirtualModelMatting/aed6856adb16ff021815ceeaf832362c.jpg,4,,,,,,,,,,,,,,,,,,,,,,,,,,
"gothic-coffin-shaped-novelty-bag,-horror-dark-crossbody-bag,-women's-fashion-handbag-&-shoulder-purse-for-halloween",,,,,,,,,,,,,,,,,,,,,,,,,https://img.kwcdn.com/product/Fancyalgo/VirtualModelMatting/a142526a2936a5f2a3e6ed5a392afac5.jpg,5,,,,,,,,,,,,,,,,,,,,,,,,,,
"gothic-coffin-shaped-novelty-bag,-horror-dark-crossbody-bag,-women's-fashion-handbag-&-shoulder-purse-for-halloween",,,,,,,,,,,,,,,,,,,,,,,,,https://img.kwcdn.com/product/Fancyalgo/VirtualModelMatting/8be4a2ac84c250d46e21997235b60bb5.jpg,6,,,,,,,,,,,,,,,,,,,,,,,,,,
"gothic-coffin-shaped-novelty-bag,-horror-dark-crossbody-bag,-women's-fashion-handbag-&-shoulder-purse-for-halloween",,,,,,,,,,,,,,,,,,,,,,,,,https://img.kwcdn.com/product/Fancyalgo/VirtualModelMatting/d6647b487384edc0e41b10316efa66d0.jpg,7,,,,,,,,,,,,,,,,,,,,,,,,,,
"dark-style-y2k-bat-spider-web-handbag,-vintage-faux-leather-crossbody-bag,-halloween-party-purse-for-women","Dark Style Y2K Bat Spider Web Handbag, Vintage Faux Leather Crossbody Bag, Halloween Party Purse For Women","<iframe src=""https://goods-vod.kwcdn.com/goods-video/374e307fb04b01f459622b0cb5d3fbf9d5268e01.f30.mp4"" width=""640"" height=""360"" frameborder=""0"" allowfullscreen></iframe><br><br><br>Sold by Feifan nvbao. Ships from Temu.<br>",My Store,,,,true,Color,,,,,,,0.0,,0,deny,manual,,,true,false,,,,,false,,,,,,,,,,,,,,,,,lb,,,true,true,,,active
"dark-style-y2k-bat-spider-web-handbag,-vintage-faux-leather-crossbody-bag,-halloween-party-purse-for-women",,,,,,,,,,,,,,,,,,,,,,,,,https://img.kwcdn.com/product/Fancyalgo/VirtualModelMatting/b176d68d8815fa6c5f92336135e5df1a.jpg,1,,,,,,,,,,,,,,,,,,,,,,,,,,
"dark-style-y2k-bat-spider-web-handbag,-vintage-faux-leather-crossbody-bag,-halloween-party-purse-for-women",,,,,,,,,,,,,,,,,,,,,,,,,https://img.kwcdn.com/product/Fancyalgo/VirtualModelMatting/d6e000cad8557f15876bdc99973cf45a.jpg,2,,,,,,,,,,,,,,,,,,,,,,,,,,
"dark-style-y2k-bat-spider-web-handbag,-vintage-faux-leather-crossbody-bag,-halloween-party-purse-for-women",,,,,,,,,,,,,,,,,,,,,,,,,https://img.kwcdn.com/product/Fancyalgo/VirtualModelMatting/50fe65db9dc74375e6579a20829dc0cf.jpg,3,,,,,,,,,,,,,,,,,,,,,,,,,,
"dark-style-y2k-bat-spider-web-handbag,-vintage-faux-leather-crossbody-bag,-halloween-party-purse-for-women",,,,,,,,,,,,,,,,,,,,,,,,,https://img.kwcdn.com/product/Fancyalgo/VirtualModelMatting/20610a5600bfc9d557e774eda7f658fd.jpg,4,,,,,,,,,,,,,,,,,,,,,,,,,,
"dark-style-y2k-bat-spider-web-handbag,-vintage-faux-leather-crossbody-bag,-halloween-party-purse-for-women",,,,,,,,,,,,,,,,,,,,,,,,,https://img.kwcdn.com/product/Fancyalgo/VirtualModelMatting/8017a1dcc7607844815e673058967279.jpg,5,,,,,,,,,,,,,,,,,,,,,,,,,,
"dark-style-y2k-bat-spider-web-handbag,-vintage-faux-leather-crossbody-bag,-halloween-party-purse-for-women",,,,,,,,,,,,,,,,,,,,,,,,,https://img.kwcdn.com/product/Fancyalgo/VirtualModelMatting/a53feccbdf3549e4298515ea1af3719c.jpg,6,,,,,,,,,,,,,,,,,,,,,,,,,,
"dark-style-y2k-bat-spider-web-handbag,-vintage-faux-leather-crossbody-bag,-halloween-party-purse-for-women",,,,,,,,,,,,,,,,,,,,,,,,,https://img.kwcdn.com/product/Fancyalgo/VirtualModelMatting/ec66811c6065c1768a461b5bbaa719dc.jpg,7,,,,,,,,,,,,,,,,,,,,,,,,,,
"dark-style-y2k-bat-spider-web-handbag,-vintage-faux-leather-crossbody-bag,-halloween-party-purse-for-women",,,,,,,,,,,,,,,,,,,,,,,,,https://img.kwcdn.com/product/Fancyalgo/VirtualModelMatting/2d9829e56b7df7d543509957229ca3ee.jpg,8,,,,,,,,,,,,,,,,,,,,,,,,,,
"dark-style-y2k-bat-spider-web-handbag,-vintage-faux-leather-crossbody-bag,-halloween-party-purse-for-women",,,,,,,,,,,,,,,,,,,,,,,,,https://img.kwcdn.com/product/Fancyalgo/VirtualModelMatting/67a3901a037e484c47a7780df730f9d6.jpg,9,,,,,,,,,,,,,,,,,,,,,,,,,,
"dark-style-y2k-bat-spider-web-handbag,-vintage-faux-leather-crossbody-bag,-halloween-party-purse-for-women",,,,,,,,,,,,,,,,,,,,,,,,,https://img.kwcdn.com/product/Fancyalgo/VirtualModelMatting/2f113b9dacc301281ed2d0203cc17973.jpg,10,,,,,,,,,,,,,,,,,,,,,,,,,,
"dark-style-y2k-bat-spider-web-handbag,-vintage-faux-leather-crossbody-bag,-halloween-party-purse-for-women",,,,,,,,,,,,,,,,,,,,,,,,,https://img.kwcdn.com/product/Fancyalgo/VirtualModelMatting/b176d68d8815fa6c5f92336135e5df1a.jpg,11,,,,,,,,,,,,,,,,,,,,,,,,,,
"dark-style-y2k-bat-spider-web-handbag,-vintage-faux-leather-crossbody-bag,-halloween-party-purse-for-women",,,,,,,,,,,,,,,,,,,,,,,,,https://img.kwcdn.com/product/Fancyalgo/VirtualModelMatting/50fe65db9dc74375e6579a20829dc0cf.jpg,12,,,,,,,,,,,,,,,,,,,,,,,,,,
"dark-style-y2k-bat-spider-web-handbag,-vintage-faux-leather-crossbody-bag,-halloween-party-purse-for-women",,,,,,,,,,,,,,,,,,,,,,,,,https://img.kwcdn.com/product/Fancyalgo/VirtualModelMatting/8017a1dcc7607844815e673058967279.jpg,13,,,,,,,,,,,,,,,,,,,,,,,,,,
"niche-black-cat-crossbody-bag,-halloween-sense-chest-bag,-novelty-pu-leather-gift-fancy-pack","Niche Black Cat Crossbody Bag, Halloween Sense Chest Bag, Novelty PU Leather Gift Fancy Pack",<br>Sold by DongLeBag. Ships from Temu.<br>,My Store,,,,true,Color,,,,,,,0.0,,0,deny,manual,,,true,false,,,,,false,,,,,,,,,,,,,,,,,lb,,,true,true,,,active
"niche-black-cat-crossbody-bag,-halloween-sense-chest-bag,-novelty-pu-leather-gift-fancy-pack",,,,,,,,,,,,,,,,,,,,,,,,,https://img.kwcdn.com/product/Fancyalgo/VirtualModelMatting/ea978a39da2d84051aecc6ced8f78428.jpg,1,,,,,,,,,,,,,,,,,,,,,,,,,,
"niche-black-cat-crossbody-bag,-halloween-sense-chest-bag,-novelty-pu-leather-gift-fancy-pack",,,,,,,,,,,,,,,,,,,,,,,,,https://img.kwcdn.com/product/Fancyalgo/VirtualModelMatting/b9f63147a1843ad3e2158c4e7b98cae5.jpg,2,,,,,,,,,,,,,,,,,,,,,,,,,,
"niche-black-cat-crossbody-bag,-halloween-sense-chest-bag,-novelty-pu-leather-gift-fancy-pack",,,,,,,,,,,,,,,,,,,,,,,,,https://img.kwcdn.com/product/Fancyalgo/VirtualModelMatting/2cfa5aacc331489c9f6ace7924fa2c56.jpg,3,,,,,,,,,,,,,,,,,,,,,,,,,,
"niche-black-cat-crossbody-bag,-halloween-sense-chest-bag,-novelty-pu-leather-gift-fancy-pack",,,,,,,,,,,,,,,,,,,,,,,,,https://img.kwcdn.com/product/Fancyalgo/VirtualModelMatting/87fcc7bfb77e838d20f6d89cefd2bb12.jpg,4,,,,,,,,,,,,,,,,,,,,,,,,,,
"niche-black-cat-crossbody-bag,-halloween-sense-chest-bag,-novelty-pu-leather-gift-fancy-pack",,,,,,,,,,,,,,,,,,,,,,,,,https://img.kwcdn.com/product/Fancyalgo/VirtualModelMatting/4799473d339c43995d15cf041d64543d.jpg,5,,,,,,,,,,,,,,,,,,,,,,,,,,
"niche-black-cat-crossbody-bag,-halloween-sense-chest-bag,-novelty-pu-leather-gift-fancy-pack",,,,,,,,,,,,,,,,,,,,,,,,,https://img.kwcdn.com/product/Fancyalgo/VirtualModelMatting/1423dae3dd084b3b04f17dd461906945.jpg,6,,,,,,,,,,,,,,,,,,,,,,,,,,
"niche-black-cat-crossbody-bag,-halloween-sense-chest-bag,-novelty-pu-leather-gift-fancy-pack",,,,,,,,,,,,,,,,,,,,,,,,,https://img.kwcdn.com/product/Fancyalgo/VirtualModelMatting/d43157080ca9985ab368a3f20286ea7c.jpg,7,,,,,,,,,,,,,,,,,,,,,,,,,,
"niche-black-cat-crossbody-bag,-halloween-sense-chest-bag,-novelty-pu-leather-gift-fancy-pack",,,,,,,,,,,,,,,,,,,,,,,,,https://img.kwcdn.com/product/Fancyalgo/VirtualModelMatting/b9f63147a1843ad3e2158c4e7b98cae5.jpg,8,,,,,,,,,,,,,,,,,,,,,,,,,,
"niche-black-cat-crossbody-bag,-halloween-sense-chest-bag,-novelty-pu-leather-gift-fancy-pack",,,,,,,,,,,,,,,,,,,,,,,,,https://img.kwcdn.com/product/Fancyalgo/VirtualModelMatting/e538a8af491b8375384dac2dfa395a8e.jpg,9,,,,,,,,,,,,,,,,,,,,,,,,,,
"niche-black-cat-crossbody-bag,-halloween-sense-chest-bag,-novelty-pu-leather-gift-fancy-pack",,,,,,,,,,,,,,,,,,,,,,,,,https://img.kwcdn.com/product/Fancyalgo/VirtualModelMatting/51c71b6f79d18b312eacb8bd4a49b253.jpg,10,,,,,,,,,,,,,,,,,,,,,,,,,,
"niche-black-cat-crossbody-bag,-halloween-sense-chest-bag,-novelty-pu-leather-gift-fancy-pack",,,,,,,,,,,,,,,,,,,,,,,,,https://img.kwcdn.com/product/Fancyalgo/VirtualModelMatting/4f8e99ec302c2d00bdf3b84bf34c332d.jpg,11,,,,,,,,,,,,,,,,,,,,,,,,,,
"niche-black-cat-crossbody-bag,-halloween-sense-chest-bag,-novelty-pu-leather-gift-fancy-pack",,,,,,,,,,,,,,,,,,,,,,,,,https://img.kwcdn.com/product/Fancyalgo/VirtualModelMatting/975fa1297689304dce0e2dc4bd801b57.jpg,12,,,,,,,,,,,,,,,,,,,,,,,,,,
"vintage-basgiath-war-tote-bag,-i-am-the-sky-shoulder-bag,-dragon-rider-pattern-canvas-shopping-bag","Vintage Basgiath War Tote Bag, I Am The Sky Shoulder Bag, Dragon Rider Pattern Canvas Shopping Bag",<br>Sold by voeseto bags. Ships from Temu.<br>,My Store,,,,true,Color,,,,,,,0.0,,0,deny,manual,,,true,false,,,,,false,,,,,,,,,,,,,,,,,lb,,,true,true,,,active
"vintage-basgiath-war-tote-bag,-i-am-the-sky-shoulder-bag,-dragon-rider-pattern-canvas-shopping-bag",,,,,,,,,,,,,,,,,,,,,,,,,https://img.kwcdn.com/product/Fancyalgo/VirtualModelMatting/9bd08603d52a4a8ed72b5de2c197fc58.jpg,1,,,,,,,,,,,,,,,,,,,,,,,,,,
"vintage-basgiath-war-tote-bag,-i-am-the-sky-shoulder-bag,-dragon-rider-pattern-canvas-shopping-bag",,,,,,,,,,,,,,,,,,,,,,,,,https://img.kwcdn.com/product/Fancyalgo/VirtualModelMatting/fa639345e6dd5ee2bc60f22c3ef95ae6.jpg,2,,,,,,,,,,,,,,,,,,,,,,,,,,
"vintage-basgiath-war-tote-bag,-i-am-the-sky-shoulder-bag,-dragon-rider-pattern-canvas-shopping-bag",,,,,,,,,,,,,,,,,,,,,,,,,https://img.kwcdn.com/product/Fancyalgo/VirtualModelMatting/69d7216c93d2998e30d7fea16fb6f54f.jpg,3,,,,,,,,,,,,,,,,,,,,,,,,,,
"vintage-basgiath-war-tote-bag,-i-am-the-sky-shoulder-bag,-dragon-rider-pattern-canvas-shopping-bag",,,,,,,,,,,,,,,,,,,,,,,,,https://img.kwcdn.com/product/Fancyalgo/VirtualModelMatting/339c9d0993557694b9211e02d8c2c242.jpg,4,,,,,,,,,,,,,,,,,,,,,,,,,,
"vintage-basgiath-war-tote-bag,-i-am-the-sky-shoulder-bag,-dragon-rider-pattern-canvas-shopping-bag",,,,,,,,,,,,,,,,,,,,,,,,,https://img.kwcdn.com/product/Fancyalgo/VirtualModelMatting/ed6d762e6233d52bc6c8f99e5a12be98.jpg,5,,,,,,,,,,,,,,,,,,,,,,,,,,
"vintage-basgiath-war-tote-bag,-i-am-the-sky-shoulder-bag,-dragon-rider-pattern-canvas-shopping-bag",,,,,,,,,,,,,,,,,,,,,,,,,https://img.kwcdn.com/product/Fancyalgo/VirtualModelMatting/1a25a08c26708d37ccc6b97b0f65e51a.jpg,6,,,,,,,,,,,,,,,,,,,,,,,,,,
"vintage-basgiath-war-tote-bag,-i-am-the-sky-shoulder-bag,-dragon-rider-pattern-canvas-shopping-bag",,,,,,,,,,,,,,,,,,,,,,,,,https://img.kwcdn.com/product/1e78ea2412/295a7782-8322-46b3-83e3-17dacf71c5e9_800x800.jpeg,7,,,,,,,,,,,,,,,,,,,,,,,,,,
"vintage-basgiath-war-tote-bag,-i-am-the-sky-shoulder-bag,-dragon-rider-pattern-canvas-shopping-bag",,,,,,,,,,,,,,,,,,,,,,,,,https://img.kwcdn.com/product/1e78ea2412/daf5f005-20f8-4553-b11e-f0e3516decb8_800x800.jpeg,8,,,,,,,,,,,,,,,,,,,,,,,,,,
"cartoon-canvas-crossbody-bag,-plush-big-eyes-shoulder-bag,-little-monster-mobile-phone-purses","Cartoon Canvas Crossbody Bag, Plush Big Eyes Shoulder Bag, Little Monster Mobile Phone Purses",<br>Sold by Qu BAG BAG. Ships from Temu.<br>,My Store,,,,true,Color,Black,,,,,,0.0,,0,deny,manual,,,true,false,,,,,false,,,,,,,,,,,,,,,,,lb,,,true,true,,,active
"cartoon-canvas-crossbody-bag,-plush-big-eyes-shoulder-bag,-little-monster-mobile-phone-purses",,,,,,,,,,,,,,,,,,,,,,,,,https://img.kwcdn.com/product/open/2023-08-28/1693207977869-e4032a779faa4ed385ba6f5d675a3743-goods.jpeg,1,,,,,,,,,,,,,,,,,,,,,,,,,,
"cartoon-canvas-crossbody-bag,-plush-big-eyes-shoulder-bag,-little-monster-mobile-phone-purses",,,,,,,,,,,,,,,,,,,,,,,,,https://img.kwcdn.com/product/open/2023-08-28/1693207977553-6736258d005f4cdea9159d78ca243761-goods.jpeg,2,,,,,,,,,,,,,,,,,,,,,,,,,,
"cartoon-canvas-crossbody-bag,-plush-big-eyes-shoulder-bag,-little-monster-mobile-phone-purses",,,,,,,,,,,,,,,,,,,,,,,,,https://img.kwcdn.com/product/open/2023-08-28/1693207978289-d02897d7a91341ae9fa7ddfdac06fa41-goods.jpeg,3,,,,,,,,,,,,,,,,,,,,,,,,,,
"cartoon-canvas-crossbody-bag,-plush-big-eyes-shoulder-bag,-little-monster-mobile-phone-purses",,,,,,,,,,,,,,,,,,,,,,,,,https://img.kwcdn.com/product/open/2023-08-28/1693207976605-7c41dbcda3ec4edbaddfe7d04ac22e10-goods.jpeg,4,,,,,,,,,,,,,,,,,,,,,,,,,,
"cartoon-canvas-crossbody-bag,-plush-big-eyes-shoulder-bag,-little-monster-mobile-phone-purses",,,,,,,,,,,,,,,,,,,,,,,,,https://img.kwcdn.com/product/open/2023-08-28/1693207977242-c06074240f1940369fd033f199967347-goods.jpeg,5,,,,,,,,,,,,,,,,,,,,,,,,,,
"cartoon-canvas-crossbody-bag,-plush-big-eyes-shoulder-bag,-little-monster-mobile-phone-purses",,,,,,,,,,,,,,,,,,,,,,,,,https://img.kwcdn.com/product/open/2023-08-28/1693207976979-8955375f01c94e81946599aad7a56786-goods.jpeg,6,,,,,,,,,,,,,,,,,,,,,,,,,,
"dark-coffin-shaped-novelty-bag,-gothic-y2k-crossbody-bag,-halloween-punk-style-handbag-&-shoulder-purse","Dark Coffin Shaped Novelty Bag, Gothic Y2K Crossbody Bag, Halloween Punk Style Handbag & Shoulder Purse","<iframe src=""https://goods-vod.kwcdn.com/goods-video/6f2c6fbab960a5ecb1bea94bd3d9e40ea5ce81e0.f30.mp4"" width=""640"" height=""360"" frameborder=""0"" allowfullscreen></iframe><br><br><br>Sold by YAFANXI. Ships from Temu.<br>",My Store,,,,true,Color,,,,,,,0.0,,0,deny,manual,,,true,false,,,,,false,,,,,,,,,,,,,,,,,lb,,,true,true,,,active
"dark-coffin-shaped-novelty-bag,-gothic-y2k-crossbody-bag,-halloween-punk-style-handbag-&-shoulder-purse",,,,,,,,,,,,,,,,,,,,,,,,,https://img.kwcdn.com/product/Fancyalgo/VirtualModelMatting/d9c87f242f4482a4848a7e4087d6f2ea.jpg,1,,,,,,,,,,,,,,,,,,,,,,,,,,
"dark-coffin-shaped-novelty-bag,-gothic-y2k-crossbody-bag,-halloween-punk-style-handbag-&-shoulder-purse",,,,,,,,,,,,,,,,,,,,,,,,,https://img.kwcdn.com/product/Fancyalgo/VirtualModelMatting/26577b9470209ded563805d981c924a5.jpg,2,,,,,,,,,,,,,,,,,,,,,,,,,,
"dark-coffin-shaped-novelty-bag,-gothic-y2k-crossbody-bag,-halloween-punk-style-handbag-&-shoulder-purse",,,,,,,,,,,,,,,,,,,,,,,,,https://img.kwcdn.com/product/Fancyalgo/VirtualModelMatting/2636ce9ae94bc531b4c315afc0ec2671.jpg,3,,,,,,,,,,,,,,,,,,,,,,,,,,
"dark-coffin-shaped-novelty-bag,-gothic-y2k-crossbody-bag,-halloween-punk-style-handbag-&-shoulder-purse",,,,,,,,,,,,,,,,,,,,,,,,,https://img.kwcdn.com/product/Fancyalgo/VirtualModelMatting/6110e35222e3394f828b0e80cfaf0666.jpg,4,,,,,,,,,,,,,,,,,,,,,,,,,,
"dark-coffin-shaped-novelty-bag,-gothic-y2k-crossbody-bag,-halloween-punk-style-handbag-&-shoulder-purse",,,,,,,,,,,,,,,,,,,,,,,,,https://img.kwcdn.com/product/Fancyalgo/VirtualModelMatting/2dfb6f00dccff0877778d485e1c913bf.jpg,5,,,,,,,,,,,,,,,,,,,,,,,,,,
"dark-coffin-shaped-novelty-bag,-gothic-y2k-crossbody-bag,-halloween-punk-style-handbag-&-shoulder-purse",,,,,,,,,,,,,,,,,,,,,,,,,https://img.kwcdn.com/product/Fancyalgo/VirtualModelMatting/838a4b560c37ce4feb542a028be7b944.jpg,6,,,,,,,,,,,,,,,,,,,,,,,,,,
"dark-coffin-shaped-novelty-bag,-gothic-y2k-crossbody-bag,-halloween-punk-style-handbag-&-shoulder-purse",,,,,,,,,,,,,,,,,,,,,,,,,https://img.kwcdn.com/product/Fancyalgo/VirtualModelMatting/7f8cad25c27a0583c8240ea06aa9e64c.jpg,7,,,,,,,,,,,,,,,,,,,,,,,,,,
"dark-coffin-shaped-novelty-bag,-gothic-y2k-crossbody-bag,-halloween-punk-style-handbag-&-shoulder-purse",,,,,,,,,,,,,,,,,,,,,,,,,https://img.kwcdn.com/product/Fancyalgo/VirtualModelMatting/6decf5240e6dc1f36411399643e934a1.jpg,8,,,,,,,,,,,,,,,,,,,,,,,,,,
"dark-coffin-shaped-novelty-bag,-gothic-y2k-crossbody-bag,-halloween-punk-style-handbag-&-shoulder-purse",,,,,,,,,,,,,,,,,,,,,,,,,https://img.kwcdn.com/product/Fancyalgo/VirtualModelMatting/0666364e2ebba4dd8dfb55b17009339e.jpg,9,,,,,,,,,,,,,,,,,,,,,,,,,,
"dark-coffin-shaped-novelty-bag,-gothic-y2k-crossbody-bag,-halloween-punk-style-handbag-&-shoulder-purse",,,,,,,,,,,,,,,,,,,,,,,,,https://img.kwcdn.com/product/Fancyalgo/VirtualModelMatting/2fa42bd114edbc65bdaa24ae2ae244f1.jpg,10,,,,,,,,,,,,,,,,,,,,,,,,,,
"dark-coffin-shaped-novelty-bag,-gothic-y2k-crossbody-bag,-halloween-punk-style-handbag-&-shoulder-purse",,,,,,,,,,,,,,,,,,,,,,,,,https://img.kwcdn.com/product/1e78ea468f/19e7a89a-1a6b-4a7f-ac99-2f93b4af4380_1200x1200.jpeg,11,,,,,,,,,,,,,,,,,,,,,,,,,,
"dark-coffin-shaped-novelty-bag,-gothic-y2k-crossbody-bag,-halloween-punk-style-handbag-&-shoulder-purse",,,,,,,,,,,,,,,,,,,,,,,,,https://img.kwcdn.com/product/1e78ea468f/8885a456-c2f4-47b3-8668-76477a34527a_1200x1200.jpeg,12,,,,,,,,,,,,,,,,,,,,,,,,,,
