Handle,Title,Body (HTML),Vendor,Product Category,Type,Tags,Published,Option1 Name,Option1 Value,Option2 Name,Option2 Value,Option3 Name,Option3 Value,Variant SKU,Variant Grams,Variant Inventory Tracker,Variant Inventory Qty,Variant Inventory Policy,Variant Fulfillment Service,Variant Price,Variant Compare At Price,Variant Requires Shipping,Variant Taxable,Variant Barcode,Image Src,Image Position,Image Alt Text,Gift Card,SEO Title,SEO Description,Google Shopping / Google Product Category,Google Shopping / Gender,Google Shopping / Age Group,Google Shopping / MPN,Google Shopping / AdWords Grouping,Google Shopping / AdWords Labels,Google Shopping / Condition,Google Shopping / Custom Product,Google Shopping / Custom Label 0,Google Shopping / Custom Label 1,Google Shopping / Custom Label 2,Google Shopping / Custom Label 3,Google Shopping / Custom Label 4,Variant Image,Variant Weight Unit,Variant Tax Code,Cost per item,Included / United States,Included / International,Price / International,Compare At Price / International,Status
"1pc-herren-blutiger-hase-blutiger-bär-leuchtende-led-maske,-halloween-horror-dress-up-requisiten-horror-leuchtende-maske","1pc Herren Blutiger Hase Blutiger Bär Leuchtende LED-Maske, Halloween Horror Dress Up Requisiten Horror Leuchtende Maske",Material: Plastik<br>Stil: Irre<br>Pflegehinweise: Nicht waschen<br>Farbe: Orange<br>Artikel-ID: ED21706<br>,My Store,,,,true,Stil,,,,,,,0.0,,0,deny,manual,,,true,false,,,,,false,,,,,,,,,,,,,,,,,lb,,,true,true,,,active
"1pc-herren-blutiger-hase-blutiger-bär-leuchtende-led-maske,-halloween-horror-dress-up-requisiten-horror-leuchtende-maske",,,,,,,,,,,,,,,,,,,,,,,,,https://img.kwcdn.com/product/1e78ea4ec9/f28c1b36-2a9d-4d25-931a-5192b05e94bd_3024x3024.jpeg.a.jpeg,1,,,,,,,,,,,,,,,,,,,,,,,,,,
"1pc-herren-blutiger-hase-blutiger-bär-leuchtende-led-maske,-halloween-horror-dress-up-requisiten-horror-leuchtende-maske",,,,,,,,,,,,,,,,,,,,,,,,,https://img.kwcdn.com/product/Fancyalgo/VirtualModelMatting/12d3250805e89b4374ef2be5d02f4624.jpg,2,,,,,,,,,,,,,,,,,,,,,,,,,,
"1pc-herren-blutiger-hase-blutiger-bär-leuchtende-led-maske,-halloween-horror-dress-up-requisiten-horror-leuchtende-maske",,,,,,,,,,,,,,,,,,,,,,,,,https://img.kwcdn.com/product/Fancyalgo/VirtualModelMatting/4f55afc8f4b90c540d663ed0fbb23ad8.jpg,3,,,,,,,,,,,,,,,,,,,,,,,,,,
"1pc-herren-blutiger-hase-blutiger-bär-leuchtende-led-maske,-halloween-horror-dress-up-requisiten-horror-leuchtende-maske",,,,,,,,,,,,,,,,,,,,,,,,,https://img.kwcdn.com/product/Fancyalgo/VirtualModelMatting/56a4842f9ce1bdb6a30e0022d6a0037c.jpg,4,,,,,,,,,,,,,,,,,,,,,,,,,,
"1pc-herren-blutiger-hase-blutiger-bär-leuchtende-led-maske,-halloween-horror-dress-up-requisiten-horror-leuchtende-maske",,,,,,,,,,,,,,,,,,,,,,,,,https://img.kwcdn.com/product/Fancyalgo/VirtualModelMatting/7a60e2b1574c8bac48bdd4d683847177.jpg,5,,,,,,,,,,,,,,,,,,,,,,,,,,
"1pc-herren-blutiger-hase-blutiger-bär-leuchtende-led-maske,-halloween-horror-dress-up-requisiten-horror-leuchtende-maske",,,,,,,,,,,,,,,,,,,,,,,,,https://img.kwcdn.com/product/Fancyalgo/VirtualModelMatting/b6e62ca62b2cf72b3cb0a9c740777efd.jpg,6,,,,,,,,,,,,,,,,,,,,,,,,,,
"1pc-herren-blutiger-hase-blutiger-bär-leuchtende-led-maske,-halloween-horror-dress-up-requisiten-horror-leuchtende-maske",,,,,,,,,,,,,,,,,,,,,,,,,https://img.kwcdn.com/product/1e78ea4ec9/52290127-0b22-4062-a3f1-c549c27511ea_3024x3024.jpeg.a.jpeg,7,,,,,,,,,,,,,,,,,,,,,,,,,,
steampunk-pestarztmaske-mit-langem-schnabelvogelbeak-funky-pu-lederrequisiten-für-halloween-cosplay-party,Steampunk Pestarztmaske Mit Langem Schnabelvogelbeak Funky PU-Lederrequisiten Für Halloween Cosplay Party,Material: PU-Leder<br>Stil: Irre<br>Farbe: Schwarz<br>Artikel-ID: LU10471<br>,My Store,,,,true,Farbe,,,,,,,0.0,,0,deny,manual,,,true,false,,,,,false,,,,,,,,,,,,,,,,,lb,,,true,true,,,active
steampunk-pestarztmaske-mit-langem-schnabelvogelbeak-funky-pu-lederrequisiten-für-halloween-cosplay-party,,,,,,,,,,,,,,,,,,,,,,,,,https://img.kwcdn.com/product/Fancyalgo/VirtualModelMatting/d961f696754f9cae6b7ef13b6c6cacf1.jpg,1,,,,,,,,,,,,,,,,,,,,,,,,,,
steampunk-pestarztmaske-mit-langem-schnabelvogelbeak-funky-pu-lederrequisiten-für-halloween-cosplay-party,,,,,,,,,,,,,,,,,,,,,,,,,https://img.kwcdn.com/product/Fancyalgo/VirtualModelMatting/233e8f4f745e55535553319e88c4c312.jpg,2,,,,,,,,,,,,,,,,,,,,,,,,,,
steampunk-pestarztmaske-mit-langem-schnabelvogelbeak-funky-pu-lederrequisiten-für-halloween-cosplay-party,,,,,,,,,,,,,,,,,,,,,,,,,https://img.kwcdn.com/product/Fancyalgo/VirtualModelMatting/8c837dc8a9fcbb87cbbce34270bf304f.jpg,3,,,,,,,,,,,,,,,,,,,,,,,,,,
steampunk-pestarztmaske-mit-langem-schnabelvogelbeak-funky-pu-lederrequisiten-für-halloween-cosplay-party,,,,,,,,,,,,,,,,,,,,,,,,,https://img.kwcdn.com/product/open/2023-04-25/1682395197855-ad4c5de2db62462a95bdcd059e0ed27e-goods.jpeg,4,,,,,,,,,,,,,,,,,,,,,,,,,,
steampunk-pestarztmaske-mit-langem-schnabelvogelbeak-funky-pu-lederrequisiten-für-halloween-cosplay-party,,,,,,,,,,,,,,,,,,,,,,,,,https://img.kwcdn.com/product/Fancyalgo/VirtualModelMatting/aa7b179a5a61dd8b1330007f62477d59.jpg,5,,,,,,,,,,,,,,,,,,,,,,,,,,
steampunk-pestarztmaske-mit-langem-schnabelvogelbeak-funky-pu-lederrequisiten-für-halloween-cosplay-party,,,,,,,,,,,,,,,,,,,,,,,,,https://img.kwcdn.com/product/Fancyalgo/VirtualModelMatting/57fd9fd4b52d04b42767762252af64d2.jpg,6,,,,,,,,,,,,,,,,,,,,,,,,,,
steampunk-pestarztmaske-mit-langem-schnabelvogelbeak-funky-pu-lederrequisiten-für-halloween-cosplay-party,,,,,,,,,,,,,,,,,,,,,,,,,https://img.kwcdn.com/product/Fancyalgo/VirtualModelMatting/869a9a8b47626fc21f525961f38e04cf.jpg,7,,,,,,,,,,,,,,,,,,,,,,,,,,
steampunk-pestarztmaske-mit-langem-schnabelvogelbeak-funky-pu-lederrequisiten-für-halloween-cosplay-party,,,,,,,,,,,,,,,,,,,,,,,,,https://img.kwcdn.com/product/Fancyalgo/VirtualModelMatting/ff768483fd9b457aed83f98a97941b9b.jpg,8,,,,,,,,,,,,,,,,,,,,,,,,,,
steampunk-pestarztmaske-mit-langem-schnabelvogelbeak-funky-pu-lederrequisiten-für-halloween-cosplay-party,,,,,,,,,,,,,,,,,,,,,,,,,https://img.kwcdn.com/product/open/2023-04-25/1682395195164-4d783328498d431fa70819948b5ec508-goods.jpeg,9,,,,,,,,,,,,,,,,,,,,,,,,,,
steampunk-pestarztmaske-mit-langem-schnabelvogelbeak-funky-pu-lederrequisiten-für-halloween-cosplay-party,,,,,,,,,,,,,,,,,,,,,,,,,https://img.kwcdn.com/product/Fancyalgo/VirtualModelMatting/233e8f4f745e55535553319e88c4c312.jpg,10,,,,,,,,,,,,,,,,,,,,,,,,,,
steampunk-pestarztmaske-mit-langem-schnabelvogelbeak-funky-pu-lederrequisiten-für-halloween-cosplay-party,,,,,,,,,,,,,,,,,,,,,,,,,https://img.kwcdn.com/product/Fancyalgo/VirtualModelMatting/d961f696754f9cae6b7ef13b6c6cacf1.jpg,11,,,,,,,,,,,,,,,,,,,,,,,,,,
steampunk-pestarztmaske-mit-langem-schnabelvogelbeak-funky-pu-lederrequisiten-für-halloween-cosplay-party,,,,,,,,,,,,,,,,,,,,,,,,,https://img.kwcdn.com/product/merge_img_gen/32d776ab-0978-4d6a-8672-49ac0ca37445.png,12,,,,,,,,,,,,,,,,,,,,,,,,,,
"1-stück-halloween-cosplay-maske,-party-dekorationsmaske,-knifflige-requisiten,-secret-room-escape-spukhaus-requisiten","1 Stück Halloween-Cosplay-Maske, Party-Dekorationsmaske, Knifflige Requisiten, Secret Room Escape Spukhaus-Requisiten","<iframe src=""https://goods-vod.kwcdn.com/goods-video/459df086b0876b1afe560fc49a64642e5cb70220.f30.mp4"" width=""640"" height=""360"" frameborder=""0"" allowfullscreen></iframe><br><br>Thema: Clowns<br>Das Hauptmaterial: Plastik<br>Stil: Cool und gutaussehend<br>Artikel-ID: AG27601<br>",My Store,,,,true,Farbe,,,,,,,0.0,,0,deny,manual,,,true,false,,,,,false,,,,,,,,,,,,,,,,,lb,,,true,true,,,active
"1-stück-halloween-cosplay-maske,-party-dekorationsmaske,-knifflige-requisiten,-secret-room-escape-spukhaus-requisiten",,,,,,,,,,,,,,,,,,,,,,,,,https://img.kwcdn.com/product/Fancyalgo/VirtualModelMatting/ef2ce0baebb78c8081521a3d2fb28f37.jpg,1,,,,,,,,,,,,,,,,,,,,,,,,,,
"1-stück-halloween-cosplay-maske,-party-dekorationsmaske,-knifflige-requisiten,-secret-room-escape-spukhaus-requisiten",,,,,,,,,,,,,,,,,,,,,,,,,https://img.kwcdn.com/product/Fancyalgo/VirtualModelMatting/075a94d660b35e4f033c1a975a9e5479.jpg,2,,,,,,,,,,,,,,,,,,,,,,,,,,
"1-stück-halloween-cosplay-maske,-party-dekorationsmaske,-knifflige-requisiten,-secret-room-escape-spukhaus-requisiten",,,,,,,,,,,,,,,,,,,,,,,,,https://img.kwcdn.com/product/Fancyalgo/VirtualModelMatting/5a67aa706d536eef4b86fb0d94846217.jpg,3,,,,,,,,,,,,,,,,,,,,,,,,,,
"1-stück-halloween-cosplay-maske,-party-dekorationsmaske,-knifflige-requisiten,-secret-room-escape-spukhaus-requisiten",,,,,,,,,,,,,,,,,,,,,,,,,https://img.kwcdn.com/product/Fancyalgo/VirtualModelMatting/0e8433d6da4956fdb4546303fc923f64.jpg,4,,,,,,,,,,,,,,,,,,,,,,,,,,
"1-stück-halloween-cosplay-maske,-party-dekorationsmaske,-knifflige-requisiten,-secret-room-escape-spukhaus-requisiten",,,,,,,,,,,,,,,,,,,,,,,,,https://img.kwcdn.com/product/Fancyalgo/VirtualModelMatting/5bb6077100fbed09127895b535ec1781.jpg,5,,,,,,,,,,,,,,,,,,,,,,,,,,
"1-stück-halloween-cosplay-maske,-party-dekorationsmaske,-knifflige-requisiten,-secret-room-escape-spukhaus-requisiten",,,,,,,,,,,,,,,,,,,,,,,,,https://img.kwcdn.com/product/1eed511458/04e1bc4e-741b-4e64-8749-75bcc88e3b76_1000x1000.jpeg,6,,,,,,,,,,,,,,,,,,,,,,,,,,
"1-stück-halloween-cosplay-maske,-party-dekorationsmaske,-knifflige-requisiten,-secret-room-escape-spukhaus-requisiten",,,,,,,,,,,,,,,,,,,,,,,,,https://img.kwcdn.com/product/1eed511458/ad692542-96c6-42ab-bf4a-a6d2912ecac8_1000x1000.jpeg,7,,,,,,,,,,,,,,,,,,,,,,,,,,
"1-stück-halloween-cosplay-maske,-party-dekorationsmaske,-knifflige-requisiten,-secret-room-escape-spukhaus-requisiten",,,,,,,,,,,,,,,,,,,,,,,,,https://img.kwcdn.com/product/1eed511458/5dd8df75-209a-4a7d-8391-e8c476698d57_1000x1000.jpeg,8,,,,,,,,,,,,,,,,,,,,,,,,,,
"1-stück-halloween-cosplay-maske,-party-dekorationsmaske,-knifflige-requisiten,-secret-room-escape-spukhaus-requisiten",,,,,,,,,,,,,,,,,,,,,,,,,https://img.kwcdn.com/product/1eed511458/e60e55f6-af45-4a24-aabe-d61124c04a47_1000x1000.jpeg,9,,,,,,,,,,,,,,,,,,,,,,,,,,
"1-stück-halloween-cosplay-maske,-party-dekorationsmaske,-knifflige-requisiten,-secret-room-escape-spukhaus-requisiten",,,,,,,,,,,,,,,,,,,,,,,,,https://img.kwcdn.com/product/1eed511458/5880bb4e-9e9c-4432-9f86-cd48490e57d4_1000x1000.jpeg,10,,,,,,,,,,,,,,,,,,,,,,,,,,
"1-stück-halloween-cosplay-maske,-party-dekorationsmaske,-knifflige-requisiten,-secret-room-escape-spukhaus-requisiten",,,,,,,,,,,,,,,,,,,,,,,,,https://img.kwcdn.com/product/1eed511458/5dd8df75-209a-4a7d-8391-e8c476698d57_1000x1000.jpeg,11,,,,,,,,,,,,,,,,,,,,,,,,,,
"1-stück-halloween-cosplay-maske,-party-dekorationsmaske,-knifflige-requisiten,-secret-room-escape-spukhaus-requisiten",,,,,,,,,,,,,,,,,,,,,,,,,https://img.kwcdn.com/product/1eed511458/04e1bc4e-741b-4e64-8749-75bcc88e3b76_1000x1000.jpeg,12,,,,,,,,,,,,,,,,,,,,,,,,,,
"1-stück-halloween-cosplay-maske,-party-dekorationsmaske,-knifflige-requisiten,-secret-room-escape-spukhaus-requisiten",,,,,,,,,,,,,,,,,,,,,,,,,https://img.kwcdn.com/product/1eed511458/e60e55f6-af45-4a24-aabe-d61124c04a47_1000x1000.jpeg,13,,,,,,,,,,,,,,,,,,,,,,,,,,
"1-stück-halloween-cosplay-maske,-party-dekorationsmaske,-knifflige-requisiten,-secret-room-escape-spukhaus-requisiten",,,,,,,,,,,,,,,,,,,,,,,,,https://img.kwcdn.com/product/1eed511458/ad692542-96c6-42ab-bf4a-a6d2912ecac8_1000x1000.jpeg,14,,,,,,,,,,,,,,,,,,,,,,,,,,
"1pc-herren-halloween-party-cosplay-schädelkopfmaske,-karneval-erwachsene-realistische-halloween-beweglicher-mund-horror-skelett-kopfbedeckung-masken","1pc Herren Halloween Party Cosplay Schädelkopfmaske, Karneval Erwachsene Realistische Halloween Beweglicher Mund Horror Skelett Kopfbedeckung Masken","<iframe src=""https://goods-vod.kwcdn.com/goods-video/c33b0eb721dab2aba9907e258fbd8f6c286b0a8c.f30.mp4"" width=""640"" height=""360"" frameborder=""0"" allowfullscreen></iframe><br><br>Material: Latex<br>Stil: Irre<br>Pflegehinweise: Handwäsche oder professionelle chemische Reinigung<br>Farbe: Hautfarbe<br>Artikel-ID: YK26540<br>",My Store,,,,true,Anwendbare Personen,Erwachsene,,,,,,0.0,,0,deny,manual,,,true,false,,,,,false,,,,,,,,,,,,,,,,,lb,,,true,true,,,active
"1pc-herren-halloween-party-cosplay-schädelkopfmaske,-karneval-erwachsene-realistische-halloween-beweglicher-mund-horror-skelett-kopfbedeckung-masken",,,,,,,,,,,,,,,,,,,,,,,,,https://img.kwcdn.com/product/Fancyalgo/VirtualModelMatting/bc73bb52926536081ab7745e425b6ef8.jpg,1,,,,,,,,,,,,,,,,,,,,,,,,,,
"1pc-herren-halloween-party-cosplay-schädelkopfmaske,-karneval-erwachsene-realistische-halloween-beweglicher-mund-horror-skelett-kopfbedeckung-masken",,,,,,,,,,,,,,,,,,,,,,,,,https://img.kwcdn.com/product/fancyalgo/toaster-api/toaster-processor-image-cm2in/df0d983c-43e7-11ee-a1ca-0a580a69767f.jpg,2,,,,,,,,,,,,,,,,,,,,,,,,,,
"1pc-herren-halloween-party-cosplay-schädelkopfmaske,-karneval-erwachsene-realistische-halloween-beweglicher-mund-horror-skelett-kopfbedeckung-masken",,,,,,,,,,,,,,,,,,,,,,,,,https://img.kwcdn.com/product/Fancyalgo/VirtualModelMatting/6010d8ba3cca1e1c86f7095f6883140b.jpg,3,,,,,,,,,,,,,,,,,,,,,,,,,,
"1pc-herren-halloween-party-cosplay-schädelkopfmaske,-karneval-erwachsene-realistische-halloween-beweglicher-mund-horror-skelett-kopfbedeckung-masken",,,,,,,,,,,,,,,,,,,,,,,,,https://img.kwcdn.com/product/Fancyalgo/VirtualModelMatting/f3445fd71ddb96439db7f0b230e88a34.jpg,4,,,,,,,,,,,,,,,,,,,,,,,,,,
"1pc-herren-halloween-party-cosplay-schädelkopfmaske,-karneval-erwachsene-realistische-halloween-beweglicher-mund-horror-skelett-kopfbedeckung-masken",,,,,,,,,,,,,,,,,,,,,,,,,https://img.kwcdn.com/product/Fancyalgo/VirtualModelMatting/29bef8bffed7fb91f53cc5a28dd8d746.jpg,5,,,,,,,,,,,,,,,,,,,,,,,,,,
"1pc-herren-halloween-party-cosplay-schädelkopfmaske,-karneval-erwachsene-realistische-halloween-beweglicher-mund-horror-skelett-kopfbedeckung-masken",,,,,,,,,,,,,,,,,,,,,,,,,https://img.kwcdn.com/product/Fancyalgo/VirtualModelMatting/00d854b74999b68283b916f204cac655.jpg,6,,,,,,,,,,,,,,,,,,,,,,,,,,
"1pc-herren-halloween-party-cosplay-schädelkopfmaske,-karneval-erwachsene-realistische-halloween-beweglicher-mund-horror-skelett-kopfbedeckung-masken",,,,,,,,,,,,,,,,,,,,,,,,,https://img.kwcdn.com/product/Fancyalgo/VirtualModelMatting/dcf4b10fdbac510aae5a4d3576726481.jpg,7,,,,,,,,,,,,,,,,,,,,,,,,,,
"1pc-herren-halloween-party-cosplay-schädelkopfmaske,-karneval-erwachsene-realistische-halloween-beweglicher-mund-horror-skelett-kopfbedeckung-masken",,,,,,,,,,,,,,,,,,,,,,,,,https://img.kwcdn.com/product/Fancyalgo/VirtualModelMatting/4d1316438fb0d2c69738ab941358858f.jpg,8,,,,,,,,,,,,,,,,,,,,,,,,,,
"1pc-herren-halloween-party-cosplay-schädelkopfmaske,-karneval-erwachsene-realistische-halloween-beweglicher-mund-horror-skelett-kopfbedeckung-masken",,,,,,,,,,,,,,,,,,,,,,,,,https://img.kwcdn.com/product/Fancyalgo/VirtualModelMatting/50ff69d5aff7439ae4e29ac67e743801.jpg,9,,,,,,,,,,,,,,,,,,,,,,,,,,
"1-stück-herren-halloween-clown-latexmaske-mit-roten-haaren,-kreatives-kleines-geschenk-für-urlaubszubehör,-geburtstagsparty-requisite","1 Stück Herren-Halloween-Clown-Latexmaske Mit Roten Haaren, Kreatives Kleines Geschenk Für Urlaubszubehör, Geburtstagsparty-Requisite",Material: Latex<br>Stil: Straße<br>Artikel-ID: TA22876<br>,My Store,,,,true,,,,,,,,0.0,,0,deny,manual,,,true,false,,,,,false,,,,,,,,,,,,,,,,,lb,,,true,true,,,active
"1-stück-herren-halloween-clown-latexmaske-mit-roten-haaren,-kreatives-kleines-geschenk-für-urlaubszubehör,-geburtstagsparty-requisite",,,,,,,,,,,,,,,,,,,,,,,,,https://img.kwcdn.com/product/open/2023-08-05/1691252852212-482526da37754443a2d2aa3f10bdc656-goods.jpeg,1,,,,,,,,,,,,,,,,,,,,,,,,,,
"1-stück-herren-halloween-clown-latexmaske-mit-roten-haaren,-kreatives-kleines-geschenk-für-urlaubszubehör,-geburtstagsparty-requisite",,,,,,,,,,,,,,,,,,,,,,,,,https://img.kwcdn.com/product/Fancyalgo/VirtualModelMatting/754fd70f4bc2d7638413fd0870846cff.jpg,2,,,,,,,,,,,,,,,,,,,,,,,,,,
"1-stück-herren-halloween-clown-latexmaske-mit-roten-haaren,-kreatives-kleines-geschenk-für-urlaubszubehör,-geburtstagsparty-requisite",,,,,,,,,,,,,,,,,,,,,,,,,https://img.kwcdn.com/product/open/2023-08-05/1691252852443-286f6a94c40f4c7b940a81e0e6e3de31-goods.jpeg,3,,,,,,,,,,,,,,,,,,,,,,,,,,
"1-stück-herren-halloween-clown-latexmaske-mit-roten-haaren,-kreatives-kleines-geschenk-für-urlaubszubehör,-geburtstagsparty-requisite",,,,,,,,,,,,,,,,,,,,,,,,,https://img.kwcdn.com/product/open/2023-08-05/1691252852017-ded35d678ab644149399ae075a7993ec-goods.jpeg,4,,,,,,,,,,,,,,,,,,,,,,,,,,
"1-stück-herren-halloween-clown-latexmaske-mit-roten-haaren,-kreatives-kleines-geschenk-für-urlaubszubehör,-geburtstagsparty-requisite",,,,,,,,,,,,,,,,,,,,,,,,,https://img.kwcdn.com/product/open/2023-08-05/1691252851590-007c84bd0eda4da0a50d4be23f39471b-goods.jpeg,5,,,,,,,,,,,,,,,,,,,,,,,,,,
"1-stück-herren-halloween-clown-latexmaske-mit-roten-haaren,-kreatives-kleines-geschenk-für-urlaubszubehör,-geburtstagsparty-requisite",,,,,,,,,,,,,,,,,,,,,,,,,https://img.kwcdn.com/product/open/2023-08-05/1691252851387-4c75dc7846f1438e86373fa9fea70bd0-goods.jpeg,6,,,,,,,,,,,,,,,,,,,,,,,,,,
"1pc-herren-halloween-clown,-dress-up-prom,-night-horror-halloween-maske","1pc Herren Halloween Clown, Dress Up Prom, Night Horror Halloween Maske",Material: Plastik<br>Stil: Punk<br>Artikel-ID: CK19877<br>,My Store,,,,true,Farbe,Grüner Clown,,,,,,0.0,,0,deny,manual,,,true,false,,,,,false,,,,,,,,,,,,,,,,,lb,,,true,true,,,active
"1pc-herren-halloween-clown,-dress-up-prom,-night-horror-halloween-maske",,,,,,,,,,,,,,,,,,,,,,,,,https://img.kwcdn.com/product/open/2023-07-20/1689838300166-68953af7319b44118adeddd1af952418-goods.jpeg,1,,,,,,,,,,,,,,,,,,,,,,,,,,
"1pc-herren-halloween-clown,-dress-up-prom,-night-horror-halloween-maske",,,,,,,,,,,,,,,,,,,,,,,,,https://img.kwcdn.com/product/open/2023-07-20/1689838301754-0d59cb1d107c407c9238814a44aefa03-goods.jpeg,2,,,,,,,,,,,,,,,,,,,,,,,,,,
"1pc-herren-halloween-clown,-dress-up-prom,-night-horror-halloween-maske",,,,,,,,,,,,,,,,,,,,,,,,,https://img.kwcdn.com/product/open/2023-07-20/1689838301356-847fe19d91dd4f518ae86eb6bbe22aa3-goods.jpeg,3,,,,,,,,,,,,,,,,,,,,,,,,,,
"1pc-herren-halloween-clown,-dress-up-prom,-night-horror-halloween-maske",,,,,,,,,,,,,,,,,,,,,,,,,https://img.kwcdn.com/product/open/2023-07-20/1689838302051-848cd3e3693446f5bc0ddbbdc87cdf0b-goods.jpeg,4,,,,,,,,,,,,,,,,,,,,,,,,,,
"1pc-herren-halloween-clown,-dress-up-prom,-night-horror-halloween-maske",,,,,,,,,,,,,,,,,,,,,,,,,https://img.kwcdn.com/product/open/2023-07-20/1689838299809-b2b5267e5a59441d96eecad2437c0dd5-goods.jpeg,5,,,,,,,,,,,,,,,,,,,,,,,,,,
"1pc-herren-halloween-clown,-dress-up-prom,-night-horror-halloween-maske",,,,,,,,,,,,,,,,,,,,,,,,,https://img.kwcdn.com/product/open/2023-07-20/1689838300730-8041a5f281db468ca821e4d6108d5ed1-goods.jpeg,6,,,,,,,,,,,,,,,,,,,,,,,,,,
"1pc-herren-halloween-clown,-dress-up-prom,-night-horror-halloween-maske",,,,,,,,,,,,,,,,,,,,,,,,,https://img.kwcdn.com/product/open/2023-07-20/1689838300166-68953af7319b44118adeddd1af952418-goods.jpeg,7,,,,,,,,,,,,,,,,,,,,,,,,,,
1pc-halloween-horror-maske-cosplay-zubehör-maske-gruselige-lächelnde-dämonen-maske,1pc Halloween Horror Maske Cosplay Zubehör Maske Gruselige Lächelnde Dämonen Maske,Thema: Geister<br>Artikel-ID: CL20528<br>,My Store,,,,true,Farbe,,,,,,,0.0,,0,deny,manual,,,true,false,,,,,false,,,,,,,,,,,,,,,,,lb,,,true,true,,,active
1pc-halloween-horror-maske-cosplay-zubehör-maske-gruselige-lächelnde-dämonen-maske,,,,,,,,,,,,,,,,,,,,,,,,,https://img.kwcdn.com/product/Fancyalgo/VirtualModelMatting/cf4fb5b9f29979637cfad55b5e5846a1.jpg,1,,,,,,,,,,,,,,,,,,,,,,,,,,
1pc-halloween-horror-maske-cosplay-zubehör-maske-gruselige-lächelnde-dämonen-maske,,,,,,,,,,,,,,,,,,,,,,,,,https://img.kwcdn.com/product/Fancyalgo/VirtualModelMatting/6f7d5f854728caaef36f396b25c2fbd1.jpg,2,,,,,,,,,,,,,,,,,,,,,,,,,,
1pc-halloween-horror-maske-cosplay-zubehör-maske-gruselige-lächelnde-dämonen-maske,,,,,,,,,,,,,,,,,,,,,,,,,https://img.kwcdn.com/product/Fancyalgo/VirtualModelMatting/78a101f86b332f179da47ba275c71d9f.jpg,3,,,,,,,,,,,,,,,,,,,,,,,,,,
1pc-halloween-horror-maske-cosplay-zubehör-maske-gruselige-lächelnde-dämonen-maske,,,,,,,,,,,,,,,,,,,,,,,,,https://img.kwcdn.com/product/fancyalgo/toaster-api/toaster-processor-image-cm2in/44abb53a-2961-11ee-8bb5-0a580a6929c3.jpg,4,,,,,,,,,,,,,,,,,,,,,,,,,,
1pc-halloween-horror-maske-cosplay-zubehör-maske-gruselige-lächelnde-dämonen-maske,,,,,,,,,,,,,,,,,,,,,,,,,https://img.kwcdn.com/product/Fancyalgo/VirtualModelMatting/5ef67ca15508ec16dc0545cc0396f232.jpg,5,,,,,,,,,,,,,,,,,,,,,,,,,,
1pc-halloween-horror-maske-cosplay-zubehör-maske-gruselige-lächelnde-dämonen-maske,,,,,,,,,,,,,,,,,,,,,,,,,https://img.kwcdn.com/product/1e78ea1d6d/62f67e06-f923-4f16-8916-a33a5f4eddcd_1000x1000.jpeg,6,,,,,,,,,,,,,,,,,,,,,,,,,,
1pc-halloween-horror-maske-cosplay-zubehör-maske-gruselige-lächelnde-dämonen-maske,,,,,,,,,,,,,,,,,,,,,,,,,https://img.kwcdn.com/product/1e78ea1d6d/4b94e1f9-0382-451d-a3af-b75d7d098488_800x800.jpeg,7,,,,,,,,,,,,,,,,,,,,,,,,,,
halloween-horror-maske-kunststoff-dress-up-requisiten-cosplay-party-maske-gruselige-totenkopf-maske,Halloween Horror Maske Kunststoff Dress Up Requisiten Cosplay Party Maske Gruselige Totenkopf Maske,Thema: Geister<br>Artikel-ID: DE20665<br>,My Store,,,,true,Artikel,,,,,,,0.0,,0,deny,manual,,,true,false,,,,,false,,,,,,,,,,,,,,,,,lb,,,true,true,,,active
halloween-horror-maske-kunststoff-dress-up-requisiten-cosplay-party-maske-gruselige-totenkopf-maske,,,,,,,,,,,,,,,,,,,,,,,,,https://img.kwcdn.com/product/1e78ea1d6d/4b33dd0c-dea2-45c4-a11f-9685629f2a98_1000x1000.jpeg,1,,,,,,,,,,,,,,,,,,,,,,,,,,
halloween-horror-maske-kunststoff-dress-up-requisiten-cosplay-party-maske-gruselige-totenkopf-maske,,,,,,,,,,,,,,,,,,,,,,,,,https://img.kwcdn.com/product/Fancyalgo/VirtualModelMatting/3ea7e0d79b305af22239b4fc8c577bb3.jpg,2,,,,,,,,,,,,,,,,,,,,,,,,,,
halloween-horror-maske-kunststoff-dress-up-requisiten-cosplay-party-maske-gruselige-totenkopf-maske,,,,,,,,,,,,,,,,,,,,,,,,,https://img.kwcdn.com/product/Fancyalgo/VirtualModelMatting/4cd5fcace76f4a235505bc8d6c22e3c0.jpg,3,,,,,,,,,,,,,,,,,,,,,,,,,,
halloween-horror-maske-kunststoff-dress-up-requisiten-cosplay-party-maske-gruselige-totenkopf-maske,,,,,,,,,,,,,,,,,,,,,,,,,https://img.kwcdn.com/product/Fancyalgo/VirtualModelMatting/8f98258f8749c9ecf690c13bd22ea0ff.jpg,4,,,,,,,,,,,,,,,,,,,,,,,,,,
halloween-horror-maske-kunststoff-dress-up-requisiten-cosplay-party-maske-gruselige-totenkopf-maske,,,,,,,,,,,,,,,,,,,,,,,,,https://img.kwcdn.com/product/Fancyalgo/VirtualModelMatting/1e746f836d80138da00fa62c6a6104f8.jpg,5,,,,,,,,,,,,,,,,,,,,,,,,,,
halloween-horror-maske-kunststoff-dress-up-requisiten-cosplay-party-maske-gruselige-totenkopf-maske,,,,,,,,,,,,,,,,,,,,,,,,,https://img.kwcdn.com/product/Fancyalgo/VirtualModelMatting/869f67c288fe9f5942581a9ac0ebbdc9.jpg,6,,,,,,,,,,,,,,,,,,,,,,,,,,
halloween-horror-maske-kunststoff-dress-up-requisiten-cosplay-party-maske-gruselige-totenkopf-maske,,,,,,,,,,,,,,,,,,,,,,,,,https://img.kwcdn.com/product/1e78ea1d6d/e57f947a-5d4e-4dd7-b79e-00f271434e48_800x800.jpeg,7,,,,,,,,,,,,,,,,,,,,,,,,,,
halloween-horror-maske-kunststoff-dress-up-requisiten-cosplay-party-maske-gruselige-totenkopf-maske,,,,,,,,,,,,,,,,,,,,,,,,,https://img.kwcdn.com/product/1e78ea1d6d/22ba0c15-a7fb-4caa-9fae-67237389ca52_1000x1000.jpeg,8,,,,,,,,,,,,,,,,,,,,,,,,,,
