Handle,Title,Body (HTML),Vendor,Product Category,Type,Tags,Published,Option1 Name,Option1 Value,Option2 Name,Option2 Value,Option3 Name,Option3 Value,Variant SKU,Variant Grams,Variant Inventory Tracker,Variant Inventory Qty,Variant Inventory Policy,Variant Fulfillment Service,Variant Price,Variant Compare At Price,Variant Requires Shipping,Variant Taxable,Variant Barcode,Image Src,Image Position,Image Alt Text,Gift Card,SEO Title,SEO Description,Google Shopping / Google Product Category,Google Shopping / Gender,Google Shopping / Age Group,Google Shopping / MPN,Google Shopping / AdWords Grouping,Google Shopping / AdWords Labels,Google Shopping / Condition,Google Shopping / Custom Product,Google Shopping / Custom Label 0,Google Shopping / Custom Label 1,Google Shopping / Custom Label 2,Google Shopping / Custom Label 3,Google Shopping / Custom Label 4,Variant Image,Variant Weight Unit,Variant Tax Code,Cost per item,Included / United States,Included / International,Price / International,Compare At Price / International,Status
"fashion-bag-halloween-skull-shoulder-bag-tote,-casual-large-capacity-skull-bag-for-men-and-women","Fashion Bag Halloween Skull Shoulder Bag Tote, Casual Large Capacity Skull Bag For Men And Women","Shipping Standard: free on all orders Delivery: Dec 24-Jan 4 ,  74,9% are ≤ 11 days Get a 5,00€ credit for late delivery Courier company:  DHL Paket , etc. Express:  6,99€ or  4,99€ (orders ≥ 49€) Delivery: Dec 22-30 ,  73,0% are ≤ 9 days Get a 7,00€/5,00€ credit for late delivery Courier company:  DHL , UPS , etc.<br>Free returns Price adjustment<br>Sustainability at Temu (3M+ trees)<br>",My Store,,,,true,Color,Black,,,,,,0.0,,0,deny,manual,,,true,false,,,,,false,,,,,,,,,,,,,,,,,lb,,,true,true,,,active
"fashion-bag-halloween-skull-shoulder-bag-tote,-casual-large-capacity-skull-bag-for-men-and-women",,,,,,,,,,,,,,,,,,,,,,,,,https://img.kwcdn.com/product/Fancyalgo/VirtualModelMatting/50731b3401f855abce1aa0e136348f11.jpg,1,,,,,,,,,,,,,,,,,,,,,,,,,,
"fashion-bag-halloween-skull-shoulder-bag-tote,-casual-large-capacity-skull-bag-for-men-and-women",,,,,,,,,,,,,,,,,,,,,,,,,https://img.kwcdn.com/product/fancyalgo/toaster-api/toaster-processor-image-cm2in/a30e2436-31b9-11ee-8bb5-0a580a6929c3.jpg,2,,,,,,,,,,,,,,,,,,,,,,,,,,
"fashion-bag-halloween-skull-shoulder-bag-tote,-casual-large-capacity-skull-bag-for-men-and-women",,,,,,,,,,,,,,,,,,,,,,,,,https://img.kwcdn.com/product/Fancyalgo/VirtualModelMatting/a44c3540c7de6281b4c0a941dc60feca.jpg,3,,,,,,,,,,,,,,,,,,,,,,,,,,
"fashion-bag-halloween-skull-shoulder-bag-tote,-casual-large-capacity-skull-bag-for-men-and-women",,,,,,,,,,,,,,,,,,,,,,,,,https://img.kwcdn.com/product/Fancyalgo/VirtualModelMatting/0138815b68f75e0a6d7cddd87cc87f52.jpg,4,,,,,,,,,,,,,,,,,,,,,,,,,,
"fashion-bag-halloween-skull-shoulder-bag-tote,-casual-large-capacity-skull-bag-for-men-and-women",,,,,,,,,,,,,,,,,,,,,,,,,https://img.kwcdn.com/product/Fancyalgo/VirtualModelMatting/dc10f015bb01d6b21906edbf6a5ee5a8.jpg,5,,,,,,,,,,,,,,,,,,,,,,,,,,
"fashion-bag-halloween-skull-shoulder-bag-tote,-casual-large-capacity-skull-bag-for-men-and-women",,,,,,,,,,,,,,,,,,,,,,,,,https://img.kwcdn.com/product/Fancyalgo/VirtualModelMatting/3a904e288c017fe33e950b9fcbc58182.jpg,6,,,,,,,,,,,,,,,,,,,,,,,,,,
"fashion-bag-halloween-skull-shoulder-bag-tote,-casual-large-capacity-skull-bag-for-men-and-women",,,,,,,,,,,,,,,,,,,,,,,,,https://img.kwcdn.com/product/Fancyalgo/VirtualModelMatting/ae91f34ea6ac484ce29c87b7833c2842.jpg,7,,,,,,,,,,,,,,,,,,,,,,,,,,
"fashion-bag-halloween-skull-shoulder-bag-tote,-casual-large-capacity-skull-bag-for-men-and-women",,,,,,,,,,,,,,,,,,,,,,,,,https://img.kwcdn.com/product/Fancyalgo/VirtualModelMatting/0fe6f4c07f77dc70d6e18617581291ce.jpg,8,,,,,,,,,,,,,,,,,,,,,,,,,,
"fashion-bag-halloween-skull-shoulder-bag-tote,-casual-large-capacity-skull-bag-for-men-and-women",,,,,,,,,,,,,,,,,,,,,,,,,https://img.kwcdn.com/product/Fancyalgo/VirtualModelMatting/9be8ca218611307396d1cfd75d4d3dac.jpg,9,,,,,,,,,,,,,,,,,,,,,,,,,,
"fashion-bag-halloween-skull-shoulder-bag-tote,-casual-large-capacity-skull-bag-for-men-and-women",,,,,,,,,,,,,,,,,,,,,,,,,https://img.kwcdn.com/product/Fancyalgo/VirtualModelMatting/b26521a79bb87b139007852f3b3001fe.jpg,10,,,,,,,,,,,,,,,,,,,,,,,,,,
"fashion-bag-halloween-skull-shoulder-bag-tote,-casual-large-capacity-skull-bag-for-men-and-women",,,,,,,,,,,,,,,,,,,,,,,,,https://img.kwcdn.com/product/Fancyalgo/VirtualModelMatting/b26521a79bb87b139007852f3b3001fe.jpg,11,,,,,,,,,,,,,,,,,,,,,,,,,,
"gothic-steampunk-fanny-pack,-halloween-skull-tactical-waist-bag,-pu-leather-belt-bag-for-outdoor-hiking","Gothic Steampunk Fanny Pack, Halloween Skull Tactical Waist Bag, PU Leather Belt Bag For Outdoor Hiking","Free shipping on all orders Delivery: Dec 24-Jan 4 ,  74,9% are ≤ 11 days Get a 5,00€ credit for late delivery Courier company:  DHL Paket , Hermes , DPD , etc.<br>Free returns Price adjustment<br>Sustainability at Temu (3M+ trees)<br>",My Store,,,,true,Color,Black,,,,,,0.0,,0,deny,manual,,,true,false,,,,,false,,,,,,,,,,,,,,,,,lb,,,true,true,,,active
"gothic-steampunk-fanny-pack,-halloween-skull-tactical-waist-bag,-pu-leather-belt-bag-for-outdoor-hiking",,,,,,,,,,,,,,,,,,,,,,,,,https://img.kwcdn.com/product/fancyalgo/toaster-api/toaster-processor-image-cm2in/8ef188e2-5097-11ee-a5e1-0a580a69767f.jpg,1,,,,,,,,,,,,,,,,,,,,,,,,,,
"gothic-steampunk-fanny-pack,-halloween-skull-tactical-waist-bag,-pu-leather-belt-bag-for-outdoor-hiking",,,,,,,,,,,,,,,,,,,,,,,,,https://img.kwcdn.com/product/Fancyalgo/VirtualModelMatting/034b72d2aaa1fc1d6cd9413621ff830c.jpg,2,,,,,,,,,,,,,,,,,,,,,,,,,,
"gothic-steampunk-fanny-pack,-halloween-skull-tactical-waist-bag,-pu-leather-belt-bag-for-outdoor-hiking",,,,,,,,,,,,,,,,,,,,,,,,,https://img.kwcdn.com/product/Fancyalgo/VirtualModelMatting/401b24a1c62450eceba2820a15aa3e04.jpg,3,,,,,,,,,,,,,,,,,,,,,,,,,,
"gothic-steampunk-fanny-pack,-halloween-skull-tactical-waist-bag,-pu-leather-belt-bag-for-outdoor-hiking",,,,,,,,,,,,,,,,,,,,,,,,,https://img.kwcdn.com/product/Fancyalgo/VirtualModelMatting/2c31e0969b06ba10c6f764caf3c16341.jpg,4,,,,,,,,,,,,,,,,,,,,,,,,,,
"gothic-steampunk-fanny-pack,-halloween-skull-tactical-waist-bag,-pu-leather-belt-bag-for-outdoor-hiking",,,,,,,,,,,,,,,,,,,,,,,,,https://img.kwcdn.com/product/Fancyalgo/VirtualModelMatting/3c04ab4c3caed1ad211038ee096bfbc4.jpg,5,,,,,,,,,,,,,,,,,,,,,,,,,,
"gothic-steampunk-fanny-pack,-halloween-skull-tactical-waist-bag,-pu-leather-belt-bag-for-outdoor-hiking",,,,,,,,,,,,,,,,,,,,,,,,,https://img.kwcdn.com/product/Fancyalgo/VirtualModelMatting/3c04ab4c3caed1ad211038ee096bfbc4.jpg,6,,,,,,,,,,,,,,,,,,,,,,,,,,
