{"Product ID": "Closure: Magnet", "Product title": "Casual Minimalist Hobo Shoulder Bag, Solid Color Versatile Handbag, Lightweight Work Bag For Women", "Product URL": "https://www.temu.com/se-en/casual-minimalist-hobo-shoulder-bag-solid-color-versatile-handbag-lightweight-work-bag-for-women-g-601099525477117.html", "Product description": "", "Product sold amount": "6.5K+ soldProvided by ", "Product rating": "4.7", "Product images": ["https://img.kwcdn.com/product/Fancyalgo/VirtualModelMatting/5df2237d376c7a9f62e9c46b8a5d3f89.jpg", "https://img.kwcdn.com/product/Fancyalgo/VirtualModelMatting/fa38ae8cdb7d494e634d3eb03c493a0a.jpg", "https://img.kwcdn.com/product/Fancyalgo/VirtualModelMatting/9026e0505d2294cde3f96a9234da283d.jpg", "https://img.kwcdn.com/product/Fancyalgo/VirtualModelMatting/442f54adfd37ab6c7e08eec845fb8d96.jpg", "https://img.kwcdn.com/product/Fancyalgo/VirtualModelMatting/549b6894e4bd1e5422af9592d733ccc7.jpg", "https://img.kwcdn.com/product/Fancyalgo/VirtualModelMatting/9a20163b12110707af639250385d0c42.jpg", "https://img.kwcdn.com/product/Fancyalgo/VirtualModelMatting/73e6103d415a46ded682623dcae8ab60.jpg", "https://img.kwcdn.com/product/Fancyalgo/VirtualModelMatting/2562497a3fd49c91821d5627603e989d.jpg", "https://img.kwcdn.com/product/Fancyalgo/VirtualModelMatting/521528cf8995f8197162604c71d341d4.jpg", "https://img.kwcdn.com/product/Fancyalgo/VirtualModelMatting/faac5a17f8114af89c788402bbca6dbb.jpg", "https://img.kwcdn.com/product/Fancyalgo/VirtualModelMatting/14533f821e2f945ed5faea334bf5a52b.jpg", "https://img.kwcdn.com/product/Fancyalgo/VirtualModelMatting/e9b20f8cb78912b43fa4648fe26af5d3.jpg", "https://img.kwcdn.com/product/Fancyalgo/VirtualModelMatting/fa38ae8cdb7d494e634d3eb03c493a0a.jpg", "https://img.kwcdn.com/product/Fancyalgo/VirtualModelMatting/9026e0505d2294cde3f96a9234da283d.jpg"], "Product video": [], "Discount price": "149,16kr", "Original price": "606,99", "Variants original price": [0], "Variants discount price": [0], "Variants image": [0], "Variants attribute name": "", "Variants attribute values": [0]}