{"Product ID": "Closure: Magnet", "Product title": "Casual Minimalist Hobo Shoulder Bag, Solid Color Versatile Handbag, Lightweight Work Bag For Women", "Product URL": "https://www.temu.com/se-en/casual-minimalist-hobo-shoulder-bag-solid-color-versatile-handbag-lightweight-work-bag-for-women-g-601099525477117.html", "Product description": "", "Product sold amount": "6.5K+ soldProvided by ", "Product rating": "4.7", "Product images": ["https://img.kwcdn.com/product/Fancyalgo/VirtualModelMatting/5df2237d376c7a9f62e9c46b8a5d3f89.jpg", "https://img.kwcdn.com/product/Fancyalgo/VirtualModelMatting/fa38ae8cdb7d494e634d3eb03c493a0a.jpg", "https://img.kwcdn.com/product/Fancyalgo/VirtualModelMatting/9026e0505d2294cde3f96a9234da283d.jpg", "https://img.kwcdn.com/product/Fancyalgo/VirtualModelMatting/9a20163b12110707af639250385d0c42.jpg", "https://img.kwcdn.com/product/Fancyalgo/VirtualModelMatting/521528cf8995f8197162604c71d341d4.jpg", "https://img.kwcdn.com/product/Fancyalgo/VirtualModelMatting/442f54adfd37ab6c7e08eec845fb8d96.jpg", "https://img.kwcdn.com/product/Fancyalgo/VirtualModelMatting/549b6894e4bd1e5422af9592d733ccc7.jpg", "https://img.kwcdn.com/product/Fancyalgo/VirtualModelMatting/73e6103d415a46ded682623dcae8ab60.jpg", "https://img.kwcdn.com/product/Fancyalgo/VirtualModelMatting/2562497a3fd49c91821d5627603e989d.jpg", "https://img.kwcdn.com/product/Fancyalgo/VirtualModelMatting/faac5a17f8114af89c788402bbca6dbb.jpg", "https://img.kwcdn.com/product/Fancyalgo/VirtualModelMatting/14533f821e2f945ed5faea334bf5a52b.jpg", "https://img.kwcdn.com/product/Fancyalgo/VirtualModelMatting/e9b20f8cb78912b43fa4648fe26af5d3.jpg", "https://img.kwcdn.com/product/Fancyalgo/VirtualModelMatting/fa38ae8cdb7d494e634d3eb03c493a0a.jpg", "https://img.kwcdn.com/product/Fancyalgo/VirtualModelMatting/9026e0505d2294cde3f96a9234da283d.jpg"], "Product video": [], "Discount price": "149,16kr", "Original price": "606,99", "Variants original price": [0], "Variants discount price": [0], "Variants image": [0], "Variants attribute name": "", "Variants attribute values": [0]}{"Product ID": " GX15551", "Product title": "Wide Geometric Strap Bag,  Large Capacity Crossbody Bag For Girls, Retro Fashion Shoulder Bag", "Product URL": "https://www.temu.com/se-en/wide-geometric-strap-bag-bag-large-capacity-crossbody-bag-womens-fashion-shoulder-bag-retro-new-womens-bag-g-601099519246356.html", "Product description": "Patterned: Solid color,Material: PU,Closure: Zipper,Theme: Urban,Included Components: Messenger Bag,", "Product sold amount": "17K+ soldProvided by ", "Product rating": "4.6", "Product images": ["https://img.kwcdn.com/product/Fancyalgo/VirtualModelMatting/c98b3c21e8213dc13606c72a8aa390d0.jpg", "https://img.kwcdn.com/product/Fancyalgo/VirtualModelMatting/7d04f15b75028dda458529f748a74835.jpg", "https://img.kwcdn.com/product/Fancyalgo/VirtualModelMatting/b5a25e529889e6ee8817e022420c9c4c.jpg", "https://img.kwcdn.com/product/Fancyalgo/VirtualModelMatting/b4df131ca35416f0aebd417b3158d26d.jpg", "https://img.kwcdn.com/product/Fancyalgo/VirtualModelMatting/57b3d0a8837e98b2b38f8b8daee96565.jpg", "https://img.kwcdn.com/product/Fancyalgo/VirtualModelMatting/d3bd1bc4546568e8c2bd42e16b742a8d.jpg", "https://img.kwcdn.com/product/Fancyalgo/VirtualModelMatting/0c959628d299f94520d4d2084ed7efaf.jpg", "https://img.kwcdn.com/product/Fancyalgo/VirtualModelMatting/db7c1057ed3733ce89cb2ef6dc82a81c.jpg", "https://img.kwcdn.com/product/Fancyalgo/VirtualModelMatting/d1f08fd69e3912aeb2ac3881754e01e6.jpg", "https://img.kwcdn.com/product/Fancyalgo/VirtualModelMatting/ec8538483f0998c072c83ac339eb2d72.jpg", "https://img.kwcdn.com/product/Fancyalgo/VirtualModelMatting/f5744fae436b17667580ce1f23737853.jpg", "https://img.kwcdn.com/product/Fancyalgo/VirtualModelMatting/48073c30a915566b5b26b3a3938e8e90.jpg", "https://img.kwcdn.com/product/1eac59b2ad/014e90e0-236c-4916-b621-83777c7d2c8d_1200x1200.png", "https://img.kwcdn.com/product/Fancyalgo/VirtualModelMatting/b1c756700771069ee8ea6b355d2f2434.jpg", "https://img.kwcdn.com/product/Fancyalgo/VirtualModelMatting/88faf704817ef868cf19340e31ab0318.jpg", "https://img.kwcdn.com/product/Fancyalgo/VirtualModelMatting/dbe08e5528b805b361e9407ee28cb6f0.jpg", "https://img.kwcdn.com/product/Fancyalgo/VirtualModelMatting/b95f464650a722e91a9ab841ec70e7e8.jpg", "https://img.kwcdn.com/product/Fancyalgo/VirtualModelMatting/1e4dc3c958f8bfdb02492a63bbec6f1a.jpg", "https://img.kwcdn.com/product/Fancyalgo/VirtualModelMatting/bfe3390f7d9fce9dd196b6c74d65cfae.jpg", "https://img.kwcdn.com/product/Fancyalgo/VirtualModelMatting/a90b74c40ecd04990481aeba18a8dcc4.jpg", "https://img.kwcdn.com/product/Fancyalgo/VirtualModelMatting/f09041955b88cce47c78d92d91abf454.jpg", "https://img.kwcdn.com/product/Fancyalgo/VirtualModelMatting/a0e79039d70cafd48bd495a0d724f168.jpg", "https://img.kwcdn.com/product/Fancyalgo/VirtualModelMatting/e6a98eae6e11ddd7a327b1f7d78f7c84.jpg", "https://img.kwcdn.com/product/Fancyalgo/VirtualModelMatting/5367811e7c9903a705b527c3881e8268.jpg"], "Product video": ["https://goods-vod.kwcdn.com/goods-video/78bf93a9559aea266e43b1efdc983d2df4c3606d.f30.mp4"], "Discount price": "134,47kr", "Original price": "322,99", "Variants original price": [0], "Variants discount price": [0], "Variants image": [0], "Variants attribute name": "", "Variants attribute values": [0]}{"Product ID": " WW36880", "Product title": "Retro Chain Shoulder Bag, Niche Design Tote Bag For Women, Fashion Flap Crossbody Bag", "Product URL": "https://www.temu.com/se-en/retro-chain-shoulder-bag-niche-design-tote-bag-for-women-fashion-flap-crossbody-bag-g-601099530121949.html", "Product description": "Patterned: Solid color,Special Features: Water-resistant,Material: PU,Embellishment Feature: Button,Closure: Zipper,Feature: Adjustable strap,Theme: Occasion,Pattern Style: No Pattern,Lining Description: Polyester,", "Product sold amount": "267 soldProvided by ", "Product rating": "4.7", "Product images": ["https://img.kwcdn.com/product/Fancyalgo/VirtualModelMatting/7d5967b2f4cc3d95645939c49066adcc.jpg", "https://img.kwcdn.com/product/Fancyalgo/VirtualModelMatting/4602f4601d6f73333dd12da803f56a7a.jpg", "https://img.kwcdn.com/product/Fancyalgo/VirtualModelMatting/d0b13d5d54ff1aac4a1609513d67513d.jpg", "https://img.kwcdn.com/product/Fancyalgo/VirtualModelMatting/3b32c05c1c9a4444423383f892d2c5ab.jpg", "https://img.kwcdn.com/product/Fancyalgo/VirtualModelMatting/32031a8c96dbbec128ed813f96174d04.jpg", "https://img.kwcdn.com/product/Fancyalgo/VirtualModelMatting/8b12a39142b9d735d6881d7901724db5.jpg", "https://img.kwcdn.com/product/Fancyalgo/VirtualModelMatting/11b9647cf77c55315a206091b21598c5.jpg", "https://img.kwcdn.com/product/Fancyalgo/VirtualModelMatting/eeb2e59f024c005a2a86c4461c82cf08.jpg"], "Product video": [], "Discount price": "212,21kr", "Original price": "1 082,49", "Variants original price": [0], "Variants discount price": [0], "Variants image": [0], "Variants attribute name": "", "Variants attribute values": [0]}{"Product ID": " YL40051", "Product title": "Fashion Large Capacity Tote Bag, Solid Color Shoulder Bag, Women's Casual Handbag For Commute", "Product URL": "https://www.temu.com/se-en/fashion-large-capacity-tote-bag-solid-color-shoulder-bag-womens-casual-handbag-for-commute-g-601099531701978.html", "Product description": "Material: PU,Closure: Zipper,Feature: Fixed Shoulder Straps,Pattern Style: Quilted,Included Components: Wristlet,", "Product sold amount": "5.2K+ soldProvided by ", "Product rating": "4.6", "Product images": ["https://img.kwcdn.com/product/Fancyalgo/VirtualModelMatting/fd2b95f7e5a3c7bdcd1903ff50cb1467.jpg", "https://img.kwcdn.com/product/Fancyalgo/VirtualModelMatting/63c5e7e9b4412e52ad22e7532b656cc8.jpg", "https://img.kwcdn.com/product/Fancyalgo/VirtualModelMatting/f7d5df5649a171255f66b998fa159b3e.jpg", "https://img.kwcdn.com/product/fancy/9a9e59a3-02c2-44b5-adf2-86f35b75e073.jpg", "https://img.kwcdn.com/product/Fancyalgo/VirtualModelMatting/88e3d7444043caea9749d12fefbc7ab6.jpg", "https://img.kwcdn.com/product/Fancyalgo/VirtualModelMatting/b211a1aa8310c23e5a19f038b72ff382.jpg", "https://img.kwcdn.com/product/Fancyalgo/VirtualModelMatting/66c420d079259e324041601e65324c21.jpg", "https://img.kwcdn.com/product/Fancyalgo/VirtualModelMatting/b5b168e361be381308e079f145be39ba.jpg", "https://img.kwcdn.com/product/Fancyalgo/VirtualModelMatting/b183147dcd5b165981a657d411c9c738.jpg", "https://img.kwcdn.com/product/Fancyalgo/VirtualModelMatting/adc8b82a8be81badfbee855cdbc4107e.jpg", "https://img.kwcdn.com/product/Fancyalgo/VirtualModelMatting/63c5e7e9b4412e52ad22e7532b656cc8.jpg", "https://img.kwcdn.com/product/Fancyalgo/VirtualModelMatting/fd2b95f7e5a3c7bdcd1903ff50cb1467.jpg", "https://img.kwcdn.com/product/Fancyalgo/VirtualModelMatting/f7d5df5649a171255f66b998fa159b3e.jpg", "https://img.kwcdn.com/product/Fancyalgo/VirtualModelMatting/633967201ca1b3945554c71be5d9a329.jpg"], "Product video": ["https://goods-vod.kwcdn.com/goods-video/2a6008bcde4f82c08a42d7def52e84eba91fb227.f30.mp4"], "Discount price": "122,09kr", "Original price": "528,99", "Variants original price": [0], "Variants discount price": [0], "Variants image": [0], "Variants attribute name": "", "Variants attribute values": [0]}